index,published,keyword,domain,language,valid,title,description,url,image,archive,content,quote,de,en,la,added
131d856a300fde11547aa40c1cf35923,2025-12-02T19:38:26Z,'Winter',www.faz.net,de,0.9,Rekordpreis: Fabergé-Ei für 26 Millionen Euro versteigert,Die berühmten Werke des Juweliers Carl Fabergé wurden einst für den russischen Zaren gefertigt. Nun kam das sogenannte Winter-Ei in London unter den Hammer.,https://www.faz.net/aktuell/stil/faberge-ei-fuer-26-millionen-euro-versteigert-accg-200319015.html,https://media0.faz.net/image/w1200h627/8a008b5d6911/w4032h2106x0y475o/202511/43601.0.1526792205/das-winter-ei-von-carl-faberg.webp,,Es ist eine fein gearbeitete Kreation aus Kristall und Diamanten und gilt als eines der schönsten Werke des Juweliers Carl Fabergé: Das sogenannte Winter-Ei ist am Dienstagabend in London zum Rekordp… [+2100 chars],,Rekordpreis: Fabergé-Ei für 26 Millionen Euro versteigert. Die berühmten Werke des Juweliers Carl Fabergé wurden einst für den russischen Zaren gefertigt. Nun kam das sogenannte Winter-Ei in London unter den Hammer.,Record price: Fabergé egg auctioned for 26 million euros. The famous works of the jeweler Carl Fabergé were once made for the Russian Tsar. Now the so-called winter egg went under the hammer in London.,Pretium record: Fabergé ovum auctioned pro XXVI decies nummis Europaeis. Nobilia opera gemmarii Carl Fabergé olim pro Tsar Russiae facta sunt. Nunc ovum hyemale sic dictum Londinii sub malleo ivit.,2025-12-04 10:33:02+00:00
e039dfe9b6fe458720690405a9eaa69b,2025-12-01T14:56:59Z,'Winter',www.diepresse.com,de,0.9,"Die Insel Rømø ist im Winterschlaf, Nordsee-Fans kommen dann erst recht hin [premium]","Rømø ist Dänemarks südlichste Insel im Watt und eine nahe Nachbarin von Sylt. Im Winter wird das Leben hier gedimmt. Aber der Schnee bleibt nie lange liegen. Die Chance für Nordsee-Fans und Anhänger von Hygge, Austern und Naturromantik.",https://www.diepresse.com/20349738/die-insel-romo-ist-im-winterschlaf-nordsee-fans-kommen-dann-erst-recht,https://img.diepresse.com/public/incoming/ocud71-Lakolk-Strand-vinter-Bjarke-Petersen-4-1200x800.jpg/alternates/DPR_SOCIAL_MAGAZIN/Lakolk-Strand-vinter-Bjarke-Petersen-4-1200x800.jpg,,"Es ist ganz voll im Café Hattesgaard, ein weiß gekalkter ehemaliger Kuhstall, über den sich das Reetdach wie eine flauschige Decke schmiegt. Draußen Schneegestöber, drinnen jede Nische belegt: Glasbe… [+10208 chars]",,"Die Insel Rømø ist im Winterschlaf, Nordsee-Fans kommen dann erst recht hin [premium]. Rømø ist Dänemarks südlichste Insel im Watt und eine nahe Nachbarin von Sylt. Im Winter wird das Leben hier gedimmt. Aber der Schnee bleibt nie lange liegen. Die Chance für Nordsee-Fans und Anhänger von Hygge, Austern und Naturromantik.","The island of Rømø is in hibernation, which is when North Sea fans really come there [premium]. Rømø is Denmark's southernmost island in the mud flats and a close neighbor of Sylt. In winter, life here is dimmed. But the snow never stays around for long. The opportunity for North Sea fans and supporters of hygge, oysters and natural romance.","Insula Røm est in hiberna, quod est cum Mare septentrionale vere ingreditur. Rømø est insula Daniae meridionalis in planis caeno et Sylt vicinus. Hieme vita hic hebetatur. Sed nix numquam diu circumsistit. Occasio fans maris septentrionalis et fautores hygge, ostrea et natura romance.",2025-12-05 02:07:11+00:00
bd4afa7044079f342babf7fa9aedd15e,2025-12-01T03:57:24Z,'Winter',www.zeit.de,de,0.9,Wetter: Mildes Wetter zum meteorologischen Winteranfang,Hier finden Sie Informationen zu dem Thema „Wetter“. Lesen Sie jetzt „Mildes Wetter zum meteorologischen Winteranfang“.,https://www.zeit.de/news/2025-12/01/mildes-wetter-zum-meteorologischen-winteranfang,https://img.zeit.de/news/2025-12/01/mildes-wetter-zum-meteorologischen-winteranfang-image-group/wide__1300x731,http://web.archive.org/web/20251202105753/https://www.zeit.de/news/2025-12/01/mildes-wetter-zum-meteorologischen-winteranfang,"Am 1. Dezember beginnt für Meteorologen der Winter - der zeigt sich zum Wochenbeginn aber erstmal eher von seiner milden Seite. Im Süden und Südosten werde vereinzelt trübes Wetter erwartet, ansonste… [+645 chars]",,Wetter: Mildes Wetter zum meteorologischen Winteranfang. Hier finden Sie Informationen zu dem Thema „Wetter“. Lesen Sie jetzt „Mildes Wetter zum meteorologischen Winteranfang“.,Weather: Mild weather at the meteorological start of winter. Here you will find information on the topic of “weather”. Read “Mild weather at the meteorological start of winter” now.,"Tempestas: tempestas tempestatis in meteorologicis initium hiemis est. Hic informationes invenies in argumento ""tempestatis"". Lege ""Mitis tempestas in initio hiemis meteorologicis"" nunc.",2025-12-05 15:30:05+00:00
f39b4e8b9d812cf81643bd61ba2a52bd,2025-12-03T04:34:55Z,'Hochwasser',www.zeit.de,de,0.9,Hochwasser in Indonesien: Flutkatastrophe auf Sumatra: Zahl der Toten steigt auf 750,Hier finden Sie Informationen zu dem Thema „Hochwasser in Indonesien“. Lesen Sie jetzt „Flutkatastrophe auf Sumatra: Zahl der Toten steigt auf 750“.,https://www.zeit.de/news/2025-12/03/flutkatastrophe-auf-sumatra-zahl-der-toten-steigt-auf-750,https://img.zeit.de/news/2025-12/03/flutkatastrophe-auf-sumatra-zahl-der-toten-steigt-auf-750-image-group/wide__1300x731,,Im Katastrophengebiet auf der indonesischen Insel Sumatra steigt die Zahl der Todesopfer durch die verheerenden Überschwemmungen weiter. Mehr als 750 Menschen sind in den Fluten und bei Erdrutschen u… [+1657 chars],,Hochwasser in Indonesien: Flutkatastrophe auf Sumatra: Zahl der Toten steigt auf 750. Hier finden Sie Informationen zu dem Thema „Hochwasser in Indonesien“. Lesen Sie jetzt „Flutkatastrophe auf Sumatra: Zahl der Toten steigt auf 750“.,Floods in Indonesia: Flood disaster in Sumatra: Number of deaths rises to 750. Here you can find information on the topic of “Floods in Indonesia”. Now read “Flood disaster in Sumatra: number of deaths rises to 750”.,"Diluvia in Indonesia: Diluvium calamitatis in Sumatra: numerus funerum ad 750. Hic invenire potes de argumento ""Fluminum in Indonesia"". Nunc legitur ""diluvium cladis in Sumatra: multa funera usque ad 750 oriuntur"".",2025-12-06 10:27:00+00:00
906c47f6025c7d3968dfa95ce5f0264f,2025-12-03T10:29:48Z,'Hochwasser',orf.at,de,0.9,Mehr als 750 Tote durch Hochwasser,"Auf der Insel Sumatra sind bei Überschwemmungen und Erdrutschen in den letzten Tagen mehr als 750 Menschen ums Leben gekommen, wie indonesische Medien am Mittwoch berichtet haben. Hunderte weitere werden vermisst. Schwerpunkt ist die nördliche Provinz Aceh, s…",https://orf.at/stories/3413306/,https://ibs.orf.at/news?image=https%3A%2F%2Fassets.orf.at%2Fmims%2F2025%2F49%2F48%2Fcrops%2Fw%3D1200%2Ch%3D630%2Cq%3D75%2F2854858_master_1102448_sumatra_ueberschwemmungen_aceh_afp.jpg%3Fs%3Dc0a990e6200531b23029437be13c176147824a18,,"Ein Tropensturm und Hochwasser hatten bereits letzte Woche Hunderte Menschenleben in mehreren Ländern Südostasiens gefordert, darunter auch Thailand und Sri Lanka. Auf Sumatra stieg die Zahl der Tote… [+4380 chars]",,"Mehr als 750 Tote durch Hochwasser. Auf der Insel Sumatra sind bei Überschwemmungen und Erdrutschen in den letzten Tagen mehr als 750 Menschen ums Leben gekommen, wie indonesische Medien am Mittwoch berichtet haben. Hunderte weitere werden vermisst. Schwerpunkt ist die nördliche Provinz Aceh, s…","More than 750 dead from flooding. More than 750 people have died in floods and landslides on the island of Sumatra in recent days, Indonesian media reported on Wednesday. Hundreds more are missing. The focus is on the northern province of Aceh,...","Plusquam DCCL ex inundatione mortui. Plus quam 750 homines in inundationibus et prolapsionibus in insula Sumatra proximis diebus mortui sunt, media Indonesiaca die Mercurii nuntiata sunt. Centena plura desunt. Focus in provincia septentrionali Aceh,...",2025-12-06 15:24:59+00:00
6fbdf182e620f85dbcb903fb6061aa6c,2025-12-03T11:59:40Z,'Hochwasser',www.sueddeutsche.de,de,0.9,Elementarschaden: Soll die Versicherung gegen Hochwasser zur Pflicht werden?,"Unter dem Eindruck der Katastrophe im Ahrtal, wo vor vier Jahren 135 Menschen ums Leben kamen, planen Bund und Länder eine Pflichtversicherung für sogenannte Elementarschäden. Doch die Branche schlägt ein alternatives Modell vor.",https://www.sueddeutsche.de/wirtschaft/hochwasser-ahrtal-versicherung-elementarschaeden-li.3348525,https://www.sueddeutsche.de/2022/10/09/0aee1912-8864-4da4-a9be-296af1ffaae7.jpeg?q=60&fm=webp&width=1200&rect=0%2C87%2C1291%2C726,,"Dazu soll ein Rückversicherer namens Elementar Re gegründet werden, an den die Unternehmen Extremrisiken weiterreichen können. Der Staat käme nur bei Katastrophen mit Schäden von mehr als 30 Milliard… [+1959 chars]",,"Elementarschaden: Soll die Versicherung gegen Hochwasser zur Pflicht werden?. Unter dem Eindruck der Katastrophe im Ahrtal, wo vor vier Jahren 135 Menschen ums Leben kamen, planen Bund und Länder eine Pflichtversicherung für sogenannte Elementarschäden. Doch die Branche schlägt ein alternatives Modell vor.","Natural damage: Should insurance against flooding become compulsory? In light of the catastrophe in the Ahr Valley, where 135 people died four years ago, the federal and state governments are planning compulsory insurance for so-called natural hazards. But the industry is proposing an alternative model.","Naturalis damnum: An assecurationis contra inundationem coacta fiant? Attenta calamitate in Ahr Valle, ubi 135 homines ante quadriennium mortui sunt, gubernationes foederati et status assecurationis coactae ad sic dictas casus naturales disponunt. Sed industria joco proponens exemplar.",2025-12-06 15:24:59+00:00
d5cc5317e182371f6aa8243b3ceb3741,2025-12-01T09:09:22Z,'Blüte',www.faz.net,de,0.9,Mette Frederiksen in Dänemark: Eine sozialdemokratische Erfolgspolitikerin ist angezählt,Die dänische Ministerpräsidentin Mette Frederiksen hatte die Sozialdemokraten mit einer harten Migrationspolitik zu neuer Blüte geführt. Nun gibt es aber Rufe nach einem Neuanfang.,https://www.faz.net/aktuell/politik/ausland/daenemark-kritik-an-mette-frederiksen-wird-lauter-110794516.html,https://media0.faz.net/image/w1200h627/259b7f38439f/w3000h1567x0y251o/102025/1.10794515/mette-frederiksen-am-28.webp,,An der Basis der Sozialdemokraten in Dänemark wächst die Kritik an Ministerpräsidentin Mette Frederiksen. Nach der jüngsten Niederlage ihrer Partei bei den Kommunalwahlen kritisieren Parteifreunde öf… [+3875 chars],,Mette Frederiksen in Dänemark: Eine sozialdemokratische Erfolgspolitikerin ist angezählt. Die dänische Ministerpräsidentin Mette Frederiksen hatte die Sozialdemokraten mit einer harten Migrationspolitik zu neuer Blüte geführt. Nun gibt es aber Rufe nach einem Neuanfang.,Mette Frederiksen in Denmark: A successful social democratic politician is counted. The Danish Prime Minister Mette Frederiksen led the Social Democrats to new heights with a tough migration policy. But now there are calls for a new beginning.,Mette Frederiksen in Dania: Felix politicus democraticus socialis numeratur. Primus minister Danorum Mette Frederiksen sociales democratas ad nova altitudines cum consilio migrationis lenta duxit. Sed iam sunt poscit novum principium.,2025-12-06 20:28:20+00:00
b326eb38d73df07a2fa1b08b3767dfd1,2025-12-02T12:20:11Z,'Erle',www.bild.de,de,0.9,Modern geschminkt - So würde Mona Lisa als Influencerin aussehen,"Erlebe Meisterwerke im Look der 2000er: Vermeer, da Vinci und Botticelli neu gedacht für die Werbekampagne einer Kosmetikfirma.",https://www.bild.de/leben-wissen/kunst-trifft-beauty-vermeer-und-co-neu-interpretiert-692ea99a158dcfd10d2d0ba4,"https://images.bild.de/692ea99a158dcfd10d2d0ba4/f256d07121a461ae2e93372502de7e33,bc15ef1?w=1280",,"TTS-Player überspringenArtikel weiterlesenPorträt-Klassiker mit Insta-Filter? So könnte es aussehen!
Weltberühmte Gemälde mithilfe künstlicher Intelligenz und den beliebtesten Schönheitstrends der l… [+1548 chars]",,"Modern geschminkt - So würde Mona Lisa als Influencerin aussehen. Erlebe Meisterwerke im Look der 2000er: Vermeer, da Vinci und Botticelli neu gedacht für die Werbekampagne einer Kosmetikfirma.","Modern make-up - This is what Mona Lisa would look like as an influencer. Experience masterpieces in the look of the 2000s: Vermeer, da Vinci and Botticelli reimagined for the advertising campaign of a cosmetics company.","Moderni constitutionem - Mona Lisa haec est quae instar influxoris videtur. Experientia magisteriorum in aspectum 2000s: Vermeer, da Vinci et Botticelli commentati sunt pro vendo stipendio sistendi societatem.",2025-12-06 20:28:20+00:00
3eb67fd521a0b696e91117fa83420a37,2025-12-04T04:30:00Z,'Frühling',www.nzz.ch,de,0.9,Hokusais grosse Welle der Lust oder Pornografie auf Japanisch,"Er gilt als der bedeutendste Künstler Japans und ist weltberühmt für seine gigantische Meereswelle. Mit den «Frühlingsbildern», die jetzt in einem schön gestalteten Band vorliegen, bediente Hokusai auch die Nachfrage einer Augenlust, die man im Westen als por…",https://www.nzz.ch/feuilleton/hokusais-grosse-welle-der-lust-oder-pornografie-auf-japanisch-ld.1913406,"https://img.nzz.ch/2025/11/26/90362e80-9501-4693-be9b-13797d55aaa1.jpg?width=1200&height=674&fit=bounds&quality=75&auto=webp&crop=1363,766,x205,y1323&wmark=nzz",,"Er gilt als der bedeutendste Künstler Japans und ist weltberühmt für seine gigantische Meereswelle. Mit den «Frühlingsbildern», die jetzt in einem schön gestalteten Band vorliegen, bediente Hokusai a… [+9502 chars]",,"Hokusais grosse Welle der Lust oder Pornografie auf Japanisch. Er gilt als der bedeutendste Künstler Japans und ist weltberühmt für seine gigantische Meereswelle. Mit den «Frühlingsbildern», die jetzt in einem schön gestalteten Band vorliegen, bediente Hokusai auch die Nachfrage einer Augenlust, die man im Westen als por…","Hokusai's Great Wave of Lust or Pornography in Japanese. He is considered the most important artist in Japan and is world famous for his gigantic sea wave. With the ""Spring Pictures"", which are now available in a beautifully designed volume, Hokusai also met the demand of a visual pleasure that in the West is considered...","Hokusai's Magnae Undae Libidinis seu Pornographiae in Iaponica. Praecipuus artifex in Iaponia censetur et mundus unda giganteo mari clarus est. Cum ""Ver Pictures"", quae nunc in pulchre designato volumine praesto sunt, Hokusai etiam occurrit postulationi visualis voluptatis quae in Occidente consideratur...",2025-12-06 20:28:20+00:00
519eb6002af41f6fb65caae777a57c6a,2025-12-04T15:48:32Z,'Blüte',www.sueddeutsche.de,de,0.9,Historie: Der letzte große Kaiser von Byzanz,Vor genau 1000 Jahren starb Basileios II. Er führte Ostrom noch einmal zu ungekannter Macht und Blüte. Ein Blick auf einen rätselhaften Menschen.,https://www.sueddeutsche.de/leben/historie-byzanz-basilios-ii-konstantinopel-bulgaren-li.3313515,https://www.sueddeutsche.de/2025/12/02/033e5e40-d24d-4659-b383-f079455cd3a0.jpg?q=60&fm=webp&width=1200&rect=328%2C0%2C1804%2C1015,,Es ist Hochsommer im Jahre 1014. Und in der Nähe des Flusses Struma in Bulgarien steht der byzantinische Kaiser Basileios II. vor einem großen Sieg gegen die Bulgaren unter ihrem Zaren Samuel. Die Sc… [+308 chars],,Historie: Der letzte große Kaiser von Byzanz. Vor genau 1000 Jahren starb Basileios II. Er führte Ostrom noch einmal zu ungekannter Macht und Blüte. Ein Blick auf einen rätselhaften Menschen.,"History: The last great emperor of Byzantium. Exactly 1000 years ago, Basil II died. He once again led Eastern Rome to unprecedented power and prosperity. A look at an enigmatic person.",Historiae: Novissima Byzantii imperatoris magni. Basilius II exacte 1000 annos mortuus est. Eos iterum Romam ad novam potentiam et felicitatem duxit. A at aenigmatica persona.,2025-12-06 20:28:20+00:00
a65d689f7a8f68e64068b4a6b752814a,2025-12-04T11:10:00Z,'Winter',www.diepresse.com,de,0.9,"Rechen, mähen, umgraben: Fünf Gartenmythen im Faktencheck [premium]","Laub rechen, Beete umgraben, Hecken stutzen: Für viele ganz traditionelle Gartenarbeiten vor dem Winter. Doch wenig davon ist wirklich sinnvoll.",https://www.diepresse.com/20371914/rechen-maehen-umgraben-fuenf-gartenmythen-im-faktencheck,https://img.diepresse.com/public/incoming/ytuwhg-GettyImages-187092297.jpg/alternates/DPR_SOCIAL_MAGAZIN/GettyImages-187092297.jpg,http://web.archive.org/web/20251207023753/https://www.diepresse.com/20371914/rechen-maehen-umgraben-fuenf-gartenmythen-im-faktencheck,"Der erste Frost war schon da und hat so manchen Garten unvorbereitet getroffen. Weit öfter allerdings komme es vor, dass zu viel gemacht werde, sagen Experten. Denn die alte Ansicht, der Garten müsse… [+6076 chars]",,"Rechen, mähen, umgraben: Fünf Gartenmythen im Faktencheck [premium]. Laub rechen, Beete umgraben, Hecken stutzen: Für viele ganz traditionelle Gartenarbeiten vor dem Winter. Doch wenig davon ist wirklich sinnvoll.","Rake, mow, dig: Five gardening myths fact-checked [premium]. Raking leaves, digging up beds, trimming hedges: for many, very traditional gardening tasks before winter. But little of it really makes sense.","Rake, mow, dig: Quinque topiarii mythi facto-repressi. Folia radentia, cubilia fodientes, sepes tondet: multis, ante hiemem munia topiaria valde tradita. Sed parum vere sensum facit.",2025-12-07 05:26:11+00:00
764c9074f982fb2e87e67def049de112,2025-12-05T12:46:30Z,'Ernte',www.stern.de,de,0.9,Bauernprotest,In der indischen Stadt Amritsar blockieren Landwirte als Zeichen des Protests eine Bahnstrecke. Sie fordern mehr staatliche Unterstützung und einen Mindestankaufspreis für ihre Ernte.,https://www.stern.de/news/bauernprotest-36932586.html,https://image.stern.de/36932588/t/5Z/v1/w1440/r1.7778/-/05--bauernprotest---2b812c4bc62bbc1a.jpg,,"Zugang zu stern+statt 11,96 
 nur 1  
<ul><li>Alles von stern+ mit erstklassigen Inhalten von GEO und Capital</li><li>4 Wochen testen, dann 2,99  je Woche</li><li>jederzeit kündbar</li></ul>",,Bauernprotest. In der indischen Stadt Amritsar blockieren Landwirte als Zeichen des Protests eine Bahnstrecke. Sie fordern mehr staatliche Unterstützung und einen Mindestankaufspreis für ihre Ernte.,"Farmers protest. In the Indian city of Amritsar, farmers block a railway line as a sign of protest. They are demanding more government support and a minimum purchase price for their harvest.",Agricolae reclamant. In urbe Indian Amritsar agricolae lineam ferriviariam obstant ut signum protestationis. Plures rei publicae subsidium postulant et minimum pretium pro fructibus emptionis sunt.,2025-12-07 05:26:11+00:00
852a2d0216733b58807ffa2269322494,2025-12-05T10:14:54Z,'Winter',www.zeit.de,de,0.9,Wetteraussichten: Winter macht Pause: DWD erwartet milderes Wochenende,Hier finden Sie Informationen zu dem Thema „Wetteraussichten“. Lesen Sie jetzt „Winter macht Pause: DWD erwartet milderes Wochenende“.,https://www.zeit.de/news/2025-12/05/winter-macht-pause-dwd-erwartet-milderes-wochenende,https://img.zeit.de/news/2025-12/05/winter-macht-pause-dwd-erwartet-milderes-wochenende-image-group/wide__1300x731,,"Das Wochenende wird in weiten Teilen Deutschlands wärmer als in den vergangenen Tagen. «Winterliche Gefühle» seien dann kein Thema mehr, sagte der Meteorologe Marcus Beyer vom Deutschen Wetterdienst … [+1858 chars]",,Wetteraussichten: Winter macht Pause: DWD erwartet milderes Wochenende. Hier finden Sie Informationen zu dem Thema „Wetteraussichten“. Lesen Sie jetzt „Winter macht Pause: DWD erwartet milderes Wochenende“.,Weather outlook: Winter takes a break: DWD expects a milder weekend. Here you will find information on the topic of “Weather Prospects”. Now read “Winter takes a break: DWD expects a milder weekend”.,"Tempestatis prospectus: hiems continuas accipit: DWD volutpat leniorem expectat. Hic informationes invenies in argumento ""Prospectus Tempestatis"". Nunc legitur ""Hiems accipit intermissum: DWD volutpat leniorem expectat"".",2025-12-07 10:25:41+00:00
3dd72bb7543b37eee9e5cba9e4c3af6b,2025-12-05T10:14:54Z,'Winter',www.stern.de,de,0.9,Wetteraussichten: Winter macht Pause: DWD erwartet milderes Wochenende,"Warme 17 Grad entlang des Rheins, aber im Südosten bleibt es kühler: Der DWD kündigt ein mildes Wochenende an. Kommt der Winter in der neuen Woche zurück?",https://www.stern.de/panorama/wetteraussichten--winter-macht-pause--dwd-erwartet-milderes-wochenende-36931832.html,https://image.stern.de/36931834/t/g9/v1/w1440/r1.7778/-/05--plwiq46hmdv10axs2048jpeg---3a2866924d22f942.jpg,,"Kopiere den aktuellen Link
Zur Merkliste hinzufügen
Warme 17 Grad entlang des Rheins, aber im Südosten bleibt es kühler: Der DWD kündigt ein mildes Wochenende an. Kommt der Winter in der neuen Woch… [+2028 chars]",,"Wetteraussichten: Winter macht Pause: DWD erwartet milderes Wochenende. Warme 17 Grad entlang des Rheins, aber im Südosten bleibt es kühler: Der DWD kündigt ein mildes Wochenende an. Kommt der Winter in der neuen Woche zurück?","Weather outlook: Winter takes a break: DWD expects a milder weekend. Warm 17 degrees along the Rhine, but it remains cooler in the southeast: The DWD announces a mild weekend. Will winter return in the new week?","Tempestatis prospectus: hiems continuas accipit: DWD volutpat leniorem expectat. Calidum 17 gradus ad Rhenum, sed frigidior in meridiem manet: DWD volutpat mitis denuntiat. Redibit hiems in nova septimana?",2025-12-07 10:25:41+00:00
e8e2b2710cdb4b88bd6924aeda2b5439,2025-12-05T10:16:06Z,'Winter',www.tagesspiegel.de,de,0.9,Wetteraussichten: Winter macht Pause: DWD erwartet milderes Wochenende,"Warme 17 Grad entlang des Rheins, aber im Südosten bleibt es kühler: Der DWD kündigt ein mildes Wochenende an. Kommt der Winter in der neuen Woche zurück?",https://www.tagesspiegel.de/gesellschaft/panorama/wetteraussichten-winter-macht-pause-dwd-erwartet-milderes-wochenende-15021815.html,https://www.tagesspiegel.de/images/15021814/alternates/BASE_16_9_W1400/1764929766000/wolken-uber-der-nikolaikirche.jpeg,,"Das Wochenende wird in weiten Teilen Deutschlands wärmer als in den vergangenen Tagen. Winterliche Gefühle seien dann kein Thema mehr, sagte der Meteorologe Marcus Beyer vom Deutschen Wetterdienst (D… [+1906 chars]",,"Wetteraussichten: Winter macht Pause: DWD erwartet milderes Wochenende. Warme 17 Grad entlang des Rheins, aber im Südosten bleibt es kühler: Der DWD kündigt ein mildes Wochenende an. Kommt der Winter in der neuen Woche zurück?","Weather outlook: Winter takes a break: DWD expects a milder weekend. Warm 17 degrees along the Rhine, but it remains cooler in the southeast: The DWD announces a mild weekend. Will winter return in the new week?","Tempestatis prospectus: hiems continuas accipit: DWD volutpat leniorem expectat. Calidum 17 gradus ad Rhenum, sed frigidior in meridiem manet: DWD volutpat mitis denuntiat. Redibit hiems in nova septimana?",2025-12-07 10:25:41+00:00
ab784f97fdfaa13fdc082555750de137,2025-12-05T11:27:09Z,'Winter',www.tagesspiegel.de,de,0.9,Alpiner Weltcup: Nach Horror-Sturz: Saison-Aus für Skirennfahrer Aznoh,Für Rok Aznoh ist der Olympia-Winter gelaufen. Der Slowene verletzt sich bei seinem Sturz in der Abfahrt von Beaver Creek schwer - immerhin aber nicht am Kopf.,https://www.tagesspiegel.de/sport/alpiner-weltcup-nach-horror-sturz-saison-aus-fur-skirennfahrer-aznoh-15022800.html,https://www.tagesspiegel.de/images/15022799/alternates/BASE_16_9_W1400/1764934029000/ski-alpin-weltcup.jpeg,,"Für den slowenischen Skirennfahrer Rok Aznoh ist die Saison nach seinem heftigen Sturz in Beaver Creek beendet. Der 23-Jährige erlitt zwar keine schwere Kopf- oder Nackenverletzung, allerdings eine G… [+924 chars]",,Alpiner Weltcup: Nach Horror-Sturz: Saison-Aus für Skirennfahrer Aznoh. Für Rok Aznoh ist der Olympia-Winter gelaufen. Der Slowene verletzt sich bei seinem Sturz in der Abfahrt von Beaver Creek schwer - immerhin aber nicht am Kopf.,Alpine World Cup: After a horror fall: season over for ski racer Aznoh. The Olympic winter is over for Rok Aznoh. The Slovenian injured himself seriously when he fell on the Beaver Creek descent - but at least not to his head.,"Alpina World Cup: Post horrorem lapsum: tempus pertranseat pro ski cursor Aznoh. Hiems Olympiae confecta est Rok Aznoh. Slovenus graviter se vulneravit cum in descensum Castoris Creek cecidit, sed saltem non capite.",2025-12-07 10:25:41+00:00
ff7c9ed3fffdc775a448e57931b8d2ae,2025-12-05T11:40:00Z,'Winter',www.brigitte.de,de,0.9,Nach Supermond am 5.12.2025: Diese 3 Sternzeichen erwartet jetzt der beste Winter,"In den Winter-Monaten öffnen sich neue Chancen für schöne Momente, die perfekt zur Jahreszeit passen. Drei Sternzeichen können sich dabei auf besonders schöne Momente freuen.",https://www.brigitte.de/horoskop/nach-supermond-am-5-12-2025--diese-3-sternzeichen-erwartet-jetzt-der-beste-winter-14051250.html,https://image.brigitte.de/14051252/t/Je/v1/w1440/r1.7778/-/nach-dem-kalten-supermond--diese-3-sternzeichen-sehen-licht-am-horizont.jpg,,"In den Winter-Monaten öffnen sich neue Chancen für schöne Momente, die perfekt zur Jahreszeit passen. Drei Sternzeichen können sich dabei auf besonders schöne Momente freuen.
Während die kalte Jahre… [+452 chars]",,"Nach Supermond am 5.12.2025: Diese 3 Sternzeichen erwartet jetzt der beste Winter. In den Winter-Monaten öffnen sich neue Chancen für schöne Momente, die perfekt zur Jahreszeit passen. Drei Sternzeichen können sich dabei auf besonders schöne Momente freuen.","After the supermoon on December 5th, 2025: The best winter awaits these 3 zodiac signs. In the winter months new opportunities open up for beautiful moments that perfectly suit the season. Three zodiac signs can look forward to particularly beautiful moments.","Post supermænam Kalendis Decembris 5th, 2025: hiems optima haec 3 signa zodiaci expectat. In mensibus hibernis novas opportunitates aperiunt ad momenta pulchrorum, quae perfecte convenientia temporum sunt. Tria signa zodiaci spectare possunt ad momenta speciosa speciatim.",2025-12-07 10:25:41+00:00
9bfd9db1365614916ccd19c4ab5bb8ad,2025-12-05T11:43:50Z,'Winter',www.stern.de,de,0.9,Schlussstrich nach der Saison: Rodel-Legende Hackl hört bald auf,"Winterberg - Rodel-Legende Georg Hackl hört als Trainer in Österreich auf. «Es steht für mich fest, dass es meine letzte Saison im Weltcup sein wird.",https://www.stern.de/gesellschaft/regional/bayern/schlussstrich-nach-der-saison--rodel-legende-hackl-hoert-bald-auf-36932280.html,https://image.stern.de/36932282/t/_k/v1/w1440/r1.7778/-/05--2g2brfdrqgv4axs2048jpeg---d2837b9cf6aa1f79.jpg,,"Kopiere den aktuellen Link
Zur Merkliste hinzufügen
Die Rodel-Legende aus Berchtesgaden hat keine Lust mehr als Trainer durch die Welt zu tingeln. Nach der Saison tritt Georg Hackl ab.
Rodel-Legen… [+1194 chars]",,"Schlussstrich nach der Saison: Rodel-Legende Hackl hört bald auf. Winterberg - Rodel-Legende Georg Hackl hört als Trainer in Österreich auf. «Es steht für mich fest, dass es meine letzte Saison im Weltcup sein wird.",End of the season: Toboggan legend Hackl will soon be retiring. Winterberg - Toboggan legend Georg Hackl is quitting as a coach in Austria. «It is clear to me that this will be my last season in the World Cup.,Finis temporum: Toboggan legenda Hackl mox cedendum erit. Winterberg - Toboggan legenda Georgius Hackl in Austria discedit ut raeda. « Perspicuum est mihi hoc esse ultimum tempus meum in Trophaeo Mundi.,2025-12-07 10:25:41+00:00
40b9dab3bb81c1f9023234a359f79785,2025-12-05T12:26:36Z,'Winter',www.tagesspiegel.de,de,0.9,Wintersport: Reisch sichert sich mit gerissenem Schuh Olympia-Ticket,"2,2 Punkte fehlen Agnes Reisch zum ersten Podestplatz der deutschen Skispringerinnen in diesem Winter. Vor dem Heimweltcup in Klingenthal herrscht Optimismus.",https://www.tagesspiegel.de/sport/wintersport-reisch-sichert-sich-mit-gerissenem-schuh-olympia-ticket-15023003.html,https://www.tagesspiegel.de/images/15023002/alternates/BASE_16_9_W1400/1764937596000/ski-weltcup-in-wisla.jpeg,,Die deutschen Skispringerinnen nähern sich dem ersten Podestplatz in diesem Winter weiter an. Beim zweiten Springen im polnischen Wisla kam Agnes Reisch auf Rang fünf. Die 26-Jährige aus Isny sprang … [+1327 chars],,"Wintersport: Reisch sichert sich mit gerissenem Schuh Olympia-Ticket. 2,2 Punkte fehlen Agnes Reisch zum ersten Podestplatz der deutschen Skispringerinnen in diesem Winter. Vor dem Heimweltcup in Klingenthal herrscht Optimismus.",Winter sports: Reisch secures his Olympic ticket with a torn shoe. Agnes Reisch is 2.2 points short of the German ski jumpers' first podium finish this winter. There is optimism before the home World Cup in Klingenthal.,Ludis hibernis: Reisch suam tesseram Olympicam lacerato calceo secuit. Agnes Reisch est 2.2 puncta brevis ski jumpers Germanorum primum podium hanc hiemem finiunt. Spes est ante domum Trophaeum Mundi in Klingenthal.,2025-12-07 10:25:41+00:00
50b61993fe0a11ab7be5b99ce829dfd9,2025-12-05T12:29:00Z,'Winter',www.kino.de,de,0.9,Netflix-Geheimtipps: 8 romantische Serien für eine kuschelige Winterzeit,"Wer Serien voller Liebe für den Winter liebt, wird bei diesen schönsten Netflix-Geheimtipps garantiert fündig.",https://www.kino.de/serie/netflix-geheimtipps-8-romantische-serien-fuer-eine-kuschelige-winterzeit--01KAZZKB2NA8PQVZMWK5XDNVTG,https://static.kino.de/84/2a/16/f33eb433a26a6bd338a880624f_ZmMgOWQ1ZTVhZTFmZmZmIDE5MjAgMTA4MAM4YWZlMzI2M2EwNA==.jpg,,"Kennt ihr schon ""Dash &amp; Lily""? Die Netflix-Serie setzt ganz bewusst auf eine winterliche, weihnachtliche Atmosphäre. Und das auf ganz besonders charmante Weise. Die Geschichte beginnt, als der zy… [+694 chars]",,"Netflix-Geheimtipps: 8 romantische Serien für eine kuschelige Winterzeit. Wer Serien voller Liebe für den Winter liebt, wird bei diesen schönsten Netflix-Geheimtipps garantiert fündig.",Netflix insider tips: 8 romantic series for a cozy winter time. Anyone who loves series full of love for winter is guaranteed to find what they are looking for with these most beautiful Netflix insider tips.,"Netflix insider tips: 8 series venereum pro fovere tempus hiemale. Omnis qui amat seriem plenam amore hiemali, praestatur invenire quid quaerunt cum his apicibus pulcherrimis Netflix insider.",2025-12-07 10:25:41+00:00
71699f33a6b80704b5c511c668f2ab25,2025-12-05T12:41:00Z,'Schnee',www.gamestar.de,de,0.9,Deals: 4k OLED TV - Samsungs OLED-Monster mit dickem Rabatt bei MediaMarkt! [Anzeige],Der Winter schreit nach einem guten Filmeabend und dazu braucht man natürlich die richtige Hardware! Bei MediaMarkt gibt es Samsungs aktuellen 4K OLED TV mit einem unglaublichen Rabatt. Jetzt fehlt nur noch eine dicke Schneedecke vor dem Fenster.,"https://www.gamestar.de/artikel/samsung-4k-oled-tv-rabatt-heimkino-cyberweek,3444378.html",https://images.cgames.de/images/gamestar/293/samsung-s90f-teaser_6391180.jpg,,"Samsung setzt mit seinem 2025er-Modell echte Benchmarks, die euch elegant über die Feiertage begleiten.
Der Winter steht vor der Tür, es wird früh dunkel und sind wir mal ehrlich: Gibt es eine besse… [+3468 chars]",,Deals: 4k OLED TV - Samsungs OLED-Monster mit dickem Rabatt bei MediaMarkt! [Anzeige]. Der Winter schreit nach einem guten Filmeabend und dazu braucht man natürlich die richtige Hardware! Bei MediaMarkt gibt es Samsungs aktuellen 4K OLED TV mit einem unglaublichen Rabatt. Jetzt fehlt nur noch eine dicke Schneedecke vor dem Fenster.,Deals: 4k OLED TV - Samsung's OLED monster with a big discount at MediaMarkt! [Advertisement]. Winter calls for a good movie night and of course you need the right hardware! Samsung's current 4K OLED TV is available at MediaMarkt with an incredible discount. Now all that's missing is a thick blanket of snow in front of the window.,"Agit: 4k OLED TV - Samsung monstrum OLED cum magno infringo apud MediaMarkt! [Advertisment]. Hiems poscit bonam pelliculam noctem et sane opus est iure hardware! Vena Samsung 4K OLED TV praesto est apud MediaMarkt incredibili discount. Nunc omne quod deest, densum stratum nivis pro fenestra est.",2025-12-07 10:25:41+00:00
00df200cd09684e491ebf748ce58f784,2025-12-05T12:42:26Z,'Winter',www.stern.de,de,0.9,Unter Wasser,"Im kalifornischen Mill Valley fährt ein Auto über eine überflutete Straße. Ursache sind sogenannte ""King Tides"", außergewöhnlich hohe Gezeiten, die im Winter auftreten, wenn Sonne, Mond und Erde bei Neu- oder Vollmond in einer Linie stehen.",https://www.stern.de/news/unter-wasser-36932630.html,https://image.stern.de/36932632/t/AA/v1/w1440/r1.7778/-/05--unter-wasser---ba1b6f8652066ae6.jpg,,"Zugang zu stern+statt 11,96 
 nur 1  
<ul><li>Alles von stern+ mit erstklassigen Inhalten von GEO und Capital</li><li>4 Wochen testen, dann 2,99  je Woche</li><li>jederzeit kündbar</li></ul>",,"Unter Wasser. Im kalifornischen Mill Valley fährt ein Auto über eine überflutete Straße. Ursache sind sogenannte ""King Tides"", außergewöhnlich hohe Gezeiten, die im Winter auftreten, wenn Sonne, Mond und Erde bei Neu- oder Vollmond in einer Linie stehen.","Underwater. A car drives across a flooded road in Mill Valley, California. The cause is so-called ""king tides"", exceptionally high tides that occur in winter when the sun, moon and earth are in line during the new or full moon.","Underwater. Currus per viam inundatam in Molendino Valle, Californiae agit. Causa, ut dicitur ""rex aestus"", propter aestus maximos, qui in hieme fiunt, cum sol, luna et terra sunt in linea inter novam aut plenam lunam.",2025-12-07 10:25:41+00:00
e1899a24fd0648b1a52e187ab599179d,2025-12-05T12:45:00Z,'Winter',www.telepolis.de,de,0.9,Die Fruchtfliegen-Verschwörung: Winterschwärme des Grauens,Invasion bei null Grad: Fruchtfliegen im Winter. Der kleine Horror in der Küche. Was kann man tun?,https://www.telepolis.de/article/Die-Fruchtfliegen-Verschwoerung-Winterschwaerme-des-Grauens-11104445.html,https://heise.cloudimg.io/bound/1200x1200/q85.png-lossy-85.webp-lossy-85.foil1/_www-heise-de_/imgs/18/4/9/9/0/9/0/9/Master_Fruchtfliege-fa1ff0975d5ae5ed.jpg,,"Schwarzbäuchige Taufliege (Drosophila melanogaster). Bild: André Karwath aka Aka/ CC BY-SA 2.5 deed
Invasion bei null Grad: Fruchtfliegen im Winter. Der kleine Horror in der Küche. Was kann man tun?… [+4155 chars]",,Die Fruchtfliegen-Verschwörung: Winterschwärme des Grauens. Invasion bei null Grad: Fruchtfliegen im Winter. Der kleine Horror in der Küche. Was kann man tun?,The Fruit Fly Conspiracy: Winter Swarms of Horror. Invasion at zero degrees: fruit flies in winter. The little horror in the kitchen. What can you do?,Fructus Vola Coniuratio: Horror hiemalis. Incursio ad gradus nullus: fructus volat hieme. Parvus horror in culina est. Quid facias?,2025-12-07 10:25:41+00:00
c3e0f70fe8b9ba609ebf6321dac2a351,2025-12-05T13:10:05Z,'Schnee',www.sueddeutsche.de,de,0.9,Musiktheater im Dezember: Auf Münchens Opernbühnen rieselt der Schnee,"An der Staatsoper frieren Rodolfo und Mimì in „La Boheme“, in der „Nacht vor Weihnachten“ rieselt der Schnee himmelaufwärts. Und „Hänsel und Gretel“ verlaufen sich mal wieder im bitterkalten Wald.",https://www.sueddeutsche.de/muenchen/muenchen-opernbuehnen-programm-bayerische-staatsoper-gaertnerplatztheater-haensel-und-gretel-li.3330982,https://www.sueddeutsche.de/2025/12/04/4e3cccb6-51c1-4701-814d-6acffff30767.jpg?q=60&fm=webp&width=1200&rect=182%2C329%2C3636%2C2045,,Aktuell rieselt der Kunstschnee an der Bayerischen Staatsoper in der ältesten und der jüngsten Produktion: Otto Schenks La Bohème. Seit 1969 ist es in der Pariser WG-Mansarde von Rodolfo und Marcello… [+3823 chars],,"Musiktheater im Dezember: Auf Münchens Opernbühnen rieselt der Schnee. An der Staatsoper frieren Rodolfo und Mimì in „La Boheme“, in der „Nacht vor Weihnachten“ rieselt der Schnee himmelaufwärts. Und „Hänsel und Gretel“ verlaufen sich mal wieder im bitterkalten Wald.","Musical theater in December: Snow is falling on Munich's opera stages. At the State Opera, Rodolfo and Mimì are freezing in “La Boheme,” and on the “Night Before Christmas” the snow is falling skyward. And “Hansel and Gretel” get lost in the bitterly cold forest again.","Theatrum musicum mense Decembri: Nix in scaenas operas Monacensis cadit. In Opera publica, Rodolfo et Mimì in ""La Boheme"" congelantur et in ""Nox Ante Natale"" nix in caelum cadit. Et ""Hansel et Gretel"" in silva perfrigida iterum amittuntur.",2025-12-07 10:25:41+00:00
577189bcdc94477f57ca60cd796eaa13,2025-12-04T12:02:16Z,'Herbst',www.bild.de,de,0.9,Ärger im Herbst - Laub vom Nachbarn im Garten – wer muss fegen?,"Wer muss das Laub entsorgen, das vom Nachbarn im eigenen Garten landet? Ein Anwalt klärt über die Rechtslage auf.",https://www.bild.de/leben-wissen/wohnen-living/laub-vom-nachbarn-im-garten-wer-muss-fegen-6927193675d27c2e110d9565,"https://images.bild.de/6927193675d27c2e110d9565/a3e5c116a9a8f4eeee5946589083fcd3,1a9df4c3?w=1280",,"TTS-Player überspringenArtikel weiterlesenWenn im Herbst das Laub fällt, kracht es schnell zwischen Nachbarn. Denn wer muss eigentlich die Blätter wegräumen, die vom Baum des anderen Grundstücks stam… [+2222 chars]",,"Ärger im Herbst - Laub vom Nachbarn im Garten – wer muss fegen?. Wer muss das Laub entsorgen, das vom Nachbarn im eigenen Garten landet? Ein Anwalt klärt über die Rechtslage auf.",Trouble in autumn - leaves from the neighbor in the garden - who has to sweep? Who has to dispose of the leaves that end up in their garden from a neighbor? A lawyer explains the legal situation.,Autumno molestus est - relinquit ab proximo in horto - Quis verrere habet? Quis folia in horto suo de proximo disponere habet? Legisperitus exponit condicionem legalem.,2025-12-07 15:24:19+00:00
