,phrase,label,sentiment,subjectivity,language,count,geonames,geotype,latitude,longitude,continent,country,ipcc
Deutschland,Deutschland,LOC,0.01775956284153005,0.051912568306010924,de,122,-1,,,,,,
Hessen,Hessen,LOC,0.01837431693989069,0.06489071038251366,de,122,-1,,,,,,
Bayern,Bayern,LOC,0.03684210526315789,0.1087719298245614,de,95,-1,,,,,,
Rheinland-Pfalz,Rheinland-Pfalz,LOC,-0.009926470588235299,0.08088235294117647,de,68,-1,,,,,,
Berlin,Berlin,LOC,0.07016129032258066,0.04032258064516129,de,62,-1,,,,,,
Saarland,Saarland,LOC,-0.022844827586206904,0.15517241379310345,de,58,-1,,,,,,
Brandenburg,Brandenburg,LOC,0.09181818181818183,0.1,de,55,-1,,,,,,
NRW,NRW,LOC,-0.11018518518518519,0.08333333333333333,de,54,-1,,,,,,
Hamburg,Hamburg,LOC,-0.08206521739130436,0.09782608695652174,de,46,2911298,P,53.55073,9.99302,,Germany,WCE
Niedersachsen,Niedersachsen,LOC,0.05909090909090909,0.07954545454545454,de,44,-1,,,,,,
Sachsen-Anhalt,Sachsen-Anhalt,LOC,-0.020736434108527137,0.13953488372093023,de,43,-1,,,,,,
Sachsen,Sachsen,LOC,-0.008536585365853661,0.054878048780487805,de,41,-1,,,,,,
Ukraine,Ukraine,LOC,0.07105263157894737,0.10526315789473684,de,38,-1,,,,,,
Nordrhein-Westfalen,Nordrhein-Westfalen,LOC,-0.019736842105263164,0.11842105263157894,de,38,-1,,,,,,
Thüringen,Thüringen,LOC,-0.17105263157894737,0.05263157894736842,de,38,-1,,,,,,
Baden-Württemberg,Baden-Württemberg,LOC,0.05162037037037034,0.1111111111111111,de,36,-1,,,,,,
Elbe,Elbe,LOC,0.024747474747474747,0.4292929292929293,de,33,-1,,,,,,
…,…,LOC,0.12142857142857144,0.10119047619047619,de,28,-1,,,,,,
Europa,Europa,LOC,0.21049382716049383,0.18518518518518517,de,27,-1,,,,,,
Deutschlands,Deutschlands,LOC,0.11133333333333333,0.14666666666666667,de,25,-1,,,,,,
Schleswig-Holstein,Schleswig-Holstein,LOC,-0.20104166666666667,0.10416666666666667,de,24,-1,,,,,,
Nordseeküste,Nordseeküste,LOC,-0.09242424242424242,0.0,de,22,-1,,,,,,
Nordsee,Nordsee,LOC,0.009090909090909094,0.06818181818181818,de,22,-1,,,,,,
“,“,LOC,0.019047619047619042,0.0,de,21,-1,,,,,,
Italien,Italien,LOC,0.195,0.0,de,20,-1,,,,,,
Offenbach,Offenbach,LOC,0.0456140350877193,0.07017543859649122,de,19,-1,,,,,,
Sturmböen,Sturmböen,LOC,-0.12105263157894736,0.0,de,19,0,,,,,,
Alpen,Alpen,LOC,0.14736842105263157,0.0,de,19,-1,,,,,,
Jamaika,Jamaika,LOC,-0.0911764705882353,0.029411764705882353,de,17,-1,,,,,,
Bremen,Bremen,LOC,0.17352941176470588,0.0,de,17,-1,,,,,,
Bayerns,Bayerns,LOC,0.18437499999999998,0.03125,de,16,-1,,,,,,
Mount Everest,Mount Everest,LOC,0.059375000000000004,0.03125,de,16,-1,,,,,,
Philippinen,Philippinen,LOC,-0.2375,0.125,de,16,-1,,,,,,
Mecklenburg-Vorpommern,Mecklenburg-Vorpommern,LOC,-0.19777777777777777,0.02222222222222222,de,15,-1,,,,,,
Gewitter,Gewitter,LOC,0.0,0.0,de,15,0,,,,,,
München,München,LOC,0.15714285714285717,0.03571428571428571,de,14,-1,,,,,,
Erde,Erde,LOC,-0.10357142857142856,0.4642857142857143,de,14,-1,,,,,,
Temperaturen,Temperaturen,LOC,0.0923076923076923,0.038461538461538464,de,13,-1,,,,,,
Freistaat,Freistaat,LOC,-0.053846153846153835,0.15384615384615385,de,13,-1,,,,,,
Harz,Harz,LOC,0.012500000000000002,0.0,de,12,-1,,,,,,
Korsika,Korsika,LOC,-0.225,0.0,de,12,-1,,,,,,
Weinlese,Weinlese,LOC,0.14166666666666666,0.16666666666666666,de,12,0,,,,,,
Russland,Russland,LOC,0.12727272727272726,0.0,de,11,-1,,,,,,
Eicheln,Eicheln,LOC,0.18181818181818182,0.18181818181818182,de,11,-1,,,,,,
Österreich,Österreich,LOC,0.1909090909090909,0.0,de,11,-1,,,,,,
lsw,lsw,LOC,0.2583333333333333,0.0,de,11,-1,,,,,,
Frankfurt,Frankfurt,LOC,0.09545454545454546,0.13636363636363635,de,11,-1,,,,,,
Bali,Bali,LOC,-0.12727272727272726,0.0,de,11,-1,,,,,,
Türkei,Türkei,LOC,-0.32,0.05,de,10,-1,,,,,,
Thüringens,Thüringens,LOC,0.08166666666666667,0.0,de,10,-1,,,,,,
Mond,Mond,LOC,0.10499999999999998,0.45,de,10,-1,,,,,,
Indien,Indien,LOC,0.33999999999999997,0.0,de,10,-1,,,,,,
Stuttgart,Stuttgart,LOC,0.11416666666666667,0.0,de,10,-1,,,,,,
Niederösterreich,Niederösterreich,LOC,0.06999999999999999,0.1,de,10,-1,,,,,,
Herbststurm,Herbststurm,LOC,-0.13,0.3,de,10,-1,,,,,,
Land,Land,LOC,0.07777777777777778,0.0,de,9,-1,,,,,,
Bergen,Bergen,LOC,-0.1111111111111111,0.0,de,9,-1,,,,,,
Sturmflut,Sturmflut,LOC,0.0,0.0,de,9,-1,,,,,,
Starkregen,Starkregen,LOC,-0.2222222222222222,0.0,de,9,-1,,,,,,
Wochenmitte,Wochenmitte,LOC,0.03333333333333334,0.0,de,9,-1,,,,,,
d…,d…,LOC,-0.1111111111111111,0.1111111111111111,de,9,-1,,,,,,
Europas,Europas,LOC,-0.1722222222222222,0.0,de,9,-1,,,,,,
Schnee,Schnee,LOC,-0.3888888888888889,0.0,de,9,-1,,,,,,
Regen,Regen,LOC,-0.3444444444444444,0.0,de,9,-1,,,,,,
Südkorea,Südkorea,LOC,0.0,0.0,de,9,-1,,,,,,
Landes,Landes,LOC,-0.0875,0.125,de,8,-1,,,,,,
Nepal,Nepal,LOC,0.0875,0.25,de,8,-1,,,,,,
Brandenburgs,Brandenburgs,LOC,0.0,0.125,de,8,-1,,,,,,
Keltereien,Keltereien,LOC,0.775,0.0,de,8,-1,,,,,,
Großaspach,Großaspach,LOC,-0.175,0.0,de,8,-1,,,,,,
Mexiko,Mexiko,LOC,0.0,0.25,de,8,-1,,,,,,
Sachsens,Sachsens,LOC,0.175,0.0,de,8,-1,,,,,,
Wiesbaden,Wiesbaden,LOC,-0.175,0.0,de,8,-1,,,,,,
Apfel,Apfel,LOC,0.0,0.625,de,8,-1,,,,,,
Glatteis,Glatteis,LOC,-0.3,0.0,de,8,-1,,,,,,
Herbstferien,Herbstferien,LOC,0.175,0.5,de,8,-1,,,,,,
Rheingau,Rheingau,LOC,0.0,0.0,de,8,-1,,,,,,
Frankreich,Frankreich,LOC,-0.4458333333333333,0.041666666666666664,de,8,-1,,,,,,
Supermond,Supermond,LOC,0.2125,0.0,de,8,-1,,,,,,
Stadt,Stadt,LOC,0.0,0.0,de,8,-1,,,,,,
Oberrhein,Oberrhein,LOC,0.24285714285714285,0.14285714285714285,de,7,-1,,,,,,
Spanien,Spanien,LOC,0.07142857142857142,0.07142857142857142,de,7,-1,,,,,,
USA,USA,LOC,0.24999999999999997,0.07142857142857142,de,7,-1,,,,,,
Alten Land,Alten Land,LOC,-0.23333333333333334,0.23809523809523808,de,7,-1,,,,,,
US-Präsident,US-Präsident,LOC,-0.042857142857142864,0.0,de,7,-1,,,,,,
Privacy Center,Privacy Center,LOC,0.0,0.0,de,7,-1,,,,,,
Brocken,Brocken,LOC,0.19999999999999998,0.0,de,7,-1,,,,,,
Flores,Flores,LOC,-0.19999999999999998,0.0,de,7,-1,,,,,,
Chemnitz,Chemnitz,LOC,0.0,0.42857142857142855,de,7,-1,,,,,,
Wien,Wien,LOC,0.19999999999999998,0.0,de,7,-1,,,,,,
Orkanböen,Orkanböen,LOC,-0.42857142857142855,0.0,de,7,-1,,,,,,
Odessa,Odessa,LOC,-0.09999999999999999,0.0,de,7,-1,,,,,,
Norddeutschland,Norddeutschland,LOC,-0.24999999999999997,0.21428571428571427,de,7,-1,,,,,,
Garten,Garten,LOC,0.2642857142857143,0.2857142857142857,de,7,-1,,,,,,
Rekordtempo,Rekordtempo,LOC,0.0,0.0,de,7,-1,,,,,,
Leverkusen,Leverkusen,LOC,0.0,0.0,de,6,-1,,,,,,
Ibiza,Ibiza,LOC,0.0,0.3333333333333333,de,6,-1,,,,,,
Straßenmeistereien,Straßenmeistereien,LOC,0.16666666666666666,0.0,de,6,-1,,,,,,
Sturm,Sturm,LOC,0.0,0.0,de,6,-1,,,,,,
Japan,Japan,LOC,-0.11666666666666665,0.0,de,6,-1,,,,,,
Fischmarkt,Fischmarkt,LOC,0.11666666666666665,0.0,de,6,-1,,,,,,
Franken,Franken,LOC,-0.16666666666666666,0.0,de,6,-1,,,,,,
Himalaya,Himalaya,LOC,0.0,0.0,de,6,-1,,,,,,
Paris,Paris,LOC,0.11666666666666665,0.0,de,6,-1,,,,,,
Hannover,Hannover,LOC,-0.11666666666666665,0.0,de,6,-1,,,,,,
Erzgebirge,Erzgebirge,LOC,-0.11666666666666665,0.0,de,6,-1,,,,,,
Gelsenkirchen,Gelsenkirchen,LOC,-0.7083333333333334,0.0,de,6,-1,,,,,,
lrs,lrs,LOC,-0.2333333333333333,0.16666666666666666,de,6,-1,,,,,,
Punjab,Punjab,LOC,0.29166666666666663,0.08333333333333333,de,6,-1,,,,,,
Bad Sulza,Bad Sulza,LOC,-0.2333333333333333,0.0,de,6,-1,,,,,,
Österreichs,Österreichs,LOC,0.17499999999999996,0.08333333333333333,de,6,-1,,,,,,
Schwarze Elster,Schwarze Elster,LOC,0.0,0.6666666666666666,de,6,-1,,,,,,
Steiermark,Steiermark,LOC,-0.16666666666666666,0.16666666666666666,de,6,-1,,,,,,
Ahrtal,Ahrtal,LOC,-0.33999999999999997,0.0,de,5,-1,,,,,,
Rheinhessen,Rheinhessen,LOC,-0.27999999999999997,0.0,de,5,-1,,,,,,
Mailand,Mailand,LOC,0.5599999999999999,0.0,de,5,-1,,,,,,
Hoym,Hoym,LOC,0.13999999999999999,0.0,de,5,-1,,,,,,
Gewittern,Gewittern,LOC,-0.12000000000000002,0.0,de,5,-1,,,,,,
Mittwochabend,Mittwochabend,LOC,0.0,0.0,de,5,-1,,,,,,
sn,sn,LOC,0.4,0.0,de,5,-1,,,,,,
Baden-Württembergs,Baden-Württembergs,LOC,-0.030000000000000006,0.0,de,5,-1,,,,,,
Neuseeland,Neuseeland,LOC,-0.47000000000000003,0.1,de,5,-1,,,,,,
Hitze,Hitze,LOC,0.0,0.2,de,5,-1,,,,,,
Dortmund,Dortmund,LOC,-0.09,0.0,de,5,-1,,,,,,
Thüringer,Thüringer,LOC,-0.06999999999999999,0.5,de,5,-1,,,,,,
Hessens,Hessens,LOC,0.11333333333333333,0.06666666666666667,de,5,-1,,,,,,
Traubenernte,Traubenernte,LOC,-0.13999999999999999,0.0,de,5,-1,,,,,,
Polen,Polen,LOC,0.4,0.0,de,5,-1,,,,,,
Dauerregen,Dauerregen,LOC,-0.13999999999999999,0.0,de,5,-1,,,,,,
Kiew,Kiew,LOC,0.27999999999999997,0.0,de,5,-1,,,,,,
Streuobstwiesen,Streuobstwiesen,LOC,0.0,0.6,de,5,-1,,,,,,
Böen,Böen,LOC,-0.13999999999999999,0.0,de,5,-1,,,,,,
Orkanartige Böen,Orkanartige Böen,LOC,-0.5599999999999999,0.0,de,5,-1,,,,,,
den USA,den USA,LOC,-0.13999999999999999,0.4,de,5,-1,,,,,,
Fichtelberg,Fichtelberg,LOC,-0.13999999999999999,0.0,de,5,-1,,,,,,
Schloss Wackerbarth,Schloss Wackerbarth,LOC,0.6,0.0,de,5,-1,,,,,,
Wetter-Vorhersage,Wetter-Vorhersage,LOC,0.13999999999999999,0.0,de,5,-1,,,,,,
Mittwoch,Mittwoch,LOC,0.41999999999999993,0.0,de,5,-1,,,,,,
Schneepflügen,Schneepflügen,LOC,-0.53,0.1,de,5,-1,,,,,,
Spitzbergen,Spitzbergen,LOC,-0.175,0.0,de,4,-1,,,,,,
Riesling,Riesling,LOC,0.0,0.0,de,4,-1,,,,,,
Mazedonien,Mazedonien,LOC,0.09583333333333333,0.0,de,4,-1,,,,,,
Schönebeck,Schönebeck,LOC,0.175,0.0,de,4,-1,,,,,,
Rhein,Rhein,LOC,0.6,0.0,de,4,-1,,,,,,
Malta,Malta,LOC,0.575,0.0,de,4,-1,,,,,,
Ohlsdorf,Ohlsdorf,LOC,0.0,0.25,de,4,-1,,,,,,
Union,Union,LOC,0.25,0.0,de,4,-1,,,,,,
MV,MV,LOC,-0.175,0.0,de,4,-1,,,,,,
Klausur,Klausur,LOC,-0.35,0.0,de,4,-1,,,,,,
Köln,Köln,LOC,0.0,0.0,de,4,-1,,,,,,
Schauer,Schauer,LOC,-0.25,0.0,de,4,-1,,,,,,
Potsdam,Potsdam,LOC,0.25,0.25,de,4,-1,,,,,,
Küste,Küste,LOC,0.2125,0.0,de,4,-1,,,,,,
Lappland,Lappland,LOC,0.0,0.0,de,4,-1,,,,,,
Ostsee,Ostsee,LOC,-0.0875,0.125,de,4,-1,,,,,,
Baden,Baden,LOC,0.11666666666666667,0.0,de,4,-1,,,,,,
Nordseeinseln,Nordseeinseln,LOC,-0.175,0.0,de,4,-1,,,,,,
Tettnang,Tettnang,LOC,-0.175,0.0,de,4,-1,,,,,,
Winzern,Winzern,LOC,0.0,0.0,de,4,-1,,,,,,
Fährausfälle,Fährausfälle,LOC,-0.5,0.0,de,4,-1,,,,,,
Eisbachwelle,Eisbachwelle,LOC,0.0,0.0,de,4,-1,,,,,,
Bewohner,Bewohner,LOC,0.0,0.0,de,4,-1,,,,,,
Wolfsburg,Wolfsburg,LOC,-0.037500000000000006,0.0,de,4,-1,,,,,,
Norderney,Norderney,LOC,-0.175,0.0,de,4,-1,,,,,,
Blüte,Blüte,LOC,0.0,0.5,de,4,-1,,,,,,
Mönchengladbach,Mönchengladbach,LOC,0.175,0.0,de,4,-1,,,,,,
St. Pölten,St. Pölten,LOC,-0.25,0.0,de,4,-1,,,,,,
Regenschauer,Regenschauer,LOC,0.0,0.0,de,4,-1,,,,,,
Hiddensee,Hiddensee,LOC,-0.25,0.0,de,4,-1,,,,,,
Kaltfront,Kaltfront,LOC,0.0,0.0,de,4,-1,,,,,,
Schweiz,Schweiz,LOC,0.175,0.25,de,4,-1,,,,,,
Bodensee,Bodensee,LOC,0.26666666666666666,0.0,de,4,-1,,,,,,
Wismar,Wismar,LOC,0.0,0.0,de,4,-1,,,,,,
Gatersleben,Gatersleben,LOC,0.0,0.0,de,4,-1,,,,,,
Südtirol,Südtirol,LOC,0.0,0.0,de,4,-1,,,,,,
Selke,Selke,LOC,0.35,0.0,de,4,-1,,,,,,
Freital,Freital,LOC,0.0,0.0,de,4,-1,,,,,,
Erle,Erle,LOC,-0.28750000000000003,0.0,de,4,-1,,,,,,
Alpenraum,Alpenraum,LOC,-0.5249999999999999,0.0,de,4,-1,,,,,,
China,China,LOC,-0.0875,0.125,de,4,-1,,,,,,
Herbst,Herbst,LOC,-0.5249999999999999,0.0,de,4,-1,,,,,,
Vorarlberg,Vorarlberg,LOC,-0.045833333333333344,0.0,de,4,-1,,,,,,
Sylt,Sylt,LOC,-1.0,0.0,de,4,-1,,,,,,
Brandenburger,Brandenburger,LOC,0.675,0.08333333333333333,de,4,-1,,,,,,
Zürich,Zürich,LOC,-0.25,0.0,de,4,-1,,,,,,
England,England,LOC,-0.175,0.0,de,4,-1,,,,,,
Bodenheim,Bodenheim,LOC,-0.19999999999999996,0.1111111111111111,de,3,-1,,,,,,
Oberösterreich,Oberösterreich,LOC,0.0,0.3333333333333333,de,3,-1,,,,,,
See,See,LOC,0.2333333333333333,0.0,de,3,-1,,,,,,
Thaya,Thaya,LOC,0.0,0.3333333333333333,de,3,-1,,,,,,
Koblenz,Koblenz,LOC,0.3333333333333333,0.0,de,3,-1,,,,,,
RB-Fußballerin,RB-Fußballerin,LOC,0.0,0.0,de,3,-1,,,,,,
t3n.de,t3n.de,LOC,0.0,0.0,de,3,-1,,,,,,
Thüringer Obstbauern,Thüringer Obstbauern,LOC,0.5666666666666667,0.0,de,3,-1,,,,,,
Frostjahr,Frostjahr,LOC,0.6999999999999998,0.0,de,3,-1,,,,,,
Odessas,Odessas,LOC,0.0,0.0,de,3,-1,,,,,,
Ambrosia,Ambrosia,LOC,-0.2333333333333333,0.0,de,3,-1,,,,,,
Saale-Unstrut-Region,Saale-Unstrut-Region,LOC,0.0,0.0,de,3,-1,,,,,,
lhe,lhe,LOC,0.2333333333333333,0.0,de,3,-1,,,,,,
Sachsen-Anhalts,Sachsen-Anhalts,LOC,0.10000000000000002,0.0,de,3,-1,,,,,,
Federweißer,Federweißer,LOC,-0.2333333333333333,0.0,de,3,-1,,,,,,
Fango,Fango,LOC,0.0,0.0,de,3,-1,,,,,,
Urlaub,Urlaub,LOC,0.2333333333333333,0.0,de,3,-1,,,,,,
Anmarsch,Anmarsch,LOC,0.0,0.0,de,3,-1,,,,,,
Sommer-Intermezzo,Sommer-Intermezzo,LOC,0.6999999999999998,0.0,de,3,-1,,,,,,
Mengen,Mengen,LOC,-0.05000000000000001,0.3333333333333333,de,3,-1,,,,,,
Tschechoslowakei,Tschechoslowakei,LOC,0.5666666666666667,0.0,de,3,-1,,,,,,
Eppendorfer Mühlenteich,Eppendorfer Mühlenteich,LOC,-0.2333333333333333,0.3333333333333333,de,3,-1,,,,,,
Alte Land,Alte Land,LOC,0.7999999999999999,0.0,de,3,-1,,,,,,
Arizona,Arizona,LOC,-0.15555555555555553,0.1111111111111111,de,3,-1,,,,,,
Sturmtief «Joshua,Sturmtief «Joshua,LOC,0.4666666666666666,0.0,de,3,-1,,,,,,
Würzburg,Würzburg,LOC,0.0,0.0,de,3,-1,,,,,,
Seidenstraße,Seidenstraße,LOC,0.0,0.0,de,3,-1,,,,,,
Mostereien,Mostereien,LOC,0.4666666666666666,0.0,de,3,-1,,,,,,
Bürgergeld,Bürgergeld,LOC,0.4666666666666666,0.0,de,3,-1,,,,,,
Oldenburg,Oldenburg,LOC,-0.10000000000000002,0.0,de,3,-1,,,,,,
Wettermix am Wochenende,Wettermix am Wochenende,LOC,0.0,0.0,de,3,-1,,,,,,
Pullis,Pullis,LOC,0.0,0.0,de,3,-1,,,,,,
Leipzig,Leipzig,LOC,0.0,0.0,de,3,-1,,,,,,
Provinz Punjab,Provinz Punjab,LOC,-0.07777777777777777,0.0,de,3,-1,,,,,,
Flüssen,Flüssen,LOC,0.0,0.3333333333333333,de,3,-1,,,,,,
Los Angeles,Los Angeles,LOC,-0.2333333333333333,0.3333333333333333,de,3,-1,,,,,,
Brückl,Brückl,LOC,0.2333333333333333,0.0,de,3,-1,,,,,,
Sonnenbrand,Sonnenbrand,LOC,0.0,0.0,de,3,-1,,,,,,
Getreide,Getreide,LOC,0.4666666666666666,0.0,de,3,-1,,,,,,
Schauern,Schauern,LOC,0.2333333333333333,0.0,de,3,-1,,,,,,
Norwegen,Norwegen,LOC,0.2833333333333333,0.0,de,3,-1,,,,,,
Jerichower Land,Jerichower Land,LOC,0.0,0.0,de,3,-1,,,,,,
Nord-,Nord-,LOC,0.0,0.0,de,3,-1,,,,,,
Bodenfrost,Bodenfrost,LOC,0.0,0.0,de,3,-1,,,,,,
Phoenix,Phoenix,LOC,-0.16666666666666666,0.5,de,3,-1,,,,,,
Afghanistan,Afghanistan,LOC,0.0,0.0,de,3,-1,,,,,,
Mittelrhein,Mittelrhein,LOC,-0.2333333333333333,0.0,de,3,-1,,,,,,
Hörerlebnis,Hörerlebnis,LOC,0.0,0.0,de,3,-1,,,,,,
Bihar,Bihar,LOC,0.0,0.0,de,3,-1,,,,,,
Magdeburg,Magdeburg,LOC,0.0,0.0,de,3,-1,,,,,,
Regenjacke,Regenjacke,LOC,-0.11666666666666665,0.0,de,3,-1,,,,,,
Obst,Obst,LOC,0.0,0.0,de,3,-1,,,,,,
Niedrigwassers,Niedrigwassers,LOC,0.4666666666666666,0.0,de,3,-1,,,,,,
Weltnaturerbe-Wald Grumsin,Weltnaturerbe-Wald Grumsin,LOC,0.0,0.0,de,3,-1,,,,,,
Apfelbäume,Apfelbäume,LOC,0.0,0.0,de,3,-1,,,,,,
Grimma,Grimma,LOC,0.0,0.0,de,3,-1,,,,,,
British Columbia,British Columbia,LOC,0.033333333333333326,0.0,de,3,-1,,,,,,
Portugal,Portugal,LOC,0.16666666666666666,0.16666666666666666,de,3,-1,,,,,,
Halle,Halle,LOC,0.9,0.0,de,3,-1,,,,,,
Regenpause,Regenpause,LOC,0.0,0.0,de,3,-1,,,,,,
Oldenburgia,Oldenburgia,LOC,0.4666666666666666,0.0,de,3,-1,,,,,,
Oberweyer,Oberweyer,LOC,0.0,0.0,de,3,-1,,,,,,
Kalifornien,Kalifornien,LOC,0.2333333333333333,0.3333333333333333,de,3,-1,,,,,,
Himalaja,Himalaja,LOC,0.0,0.0,de,3,-1,,,,,,
Bäume,Bäume,LOC,0.2333333333333333,0.0,de,3,-1,,,,,,
D…,D…,LOC,0.0,0.0,de,3,-1,,,,,,
Ems,Ems,LOC,0.0,0.0,de,3,-1,,,,,,
Weser,Weser,LOC,0.0,0.0,de,3,-1,,,,,,
Moskau,Moskau,LOC,0.2333333333333333,0.0,de,3,-1,,,,,,
Baunatal,Baunatal,LOC,0.4666666666666666,0.0,de,3,-1,,,,,,
Augsburg,Augsburg,LOC,0.0,0.6666666666666666,de,3,-1,,,,,,
Indonesien,Indonesien,LOC,0.2333333333333333,0.0,de,3,-1,,,,,,
Inseln,Inseln,LOC,0.0,0.0,de,3,-1,,,,,,
Hochlagen,Hochlagen,LOC,0.0,0.0,de,3,-1,,,,,,
Uckermark,Uckermark,LOC,0.0,0.0,de,3,-1,,,,,,
Pokrowsk,Pokrowsk,LOC,-0.3333333333333333,0.0,de,3,-1,,,,,,
Überflutungen,Überflutungen,LOC,0.0,0.0,de,3,-1,,,,,,
Blaualgen,Blaualgen,LOC,0.0,0.0,de,3,-1,,,,,,
Lüneburg,Lüneburg,LOC,0.0,0.0,de,3,-1,,,,,,
Kanadas,Kanadas,LOC,-0.2333333333333333,0.0,de,3,-1,,,,,,
Sauvignon Blanc,Sauvignon Blanc,LOC,0.0,0.0,de,3,-1,,,,,,
Pariser,Pariser,LOC,0.0,0.0,de,3,-1,,,,,,
Raps,Raps,LOC,0.0,0.0,de,3,-1,,,,,,
Kopenhagen,Kopenhagen,LOC,0.3333333333333333,0.0,de,3,-1,,,,,,
Kranichen,Kranichen,LOC,0.7,0.0,de,2,-1,,,,,,
Chihuahua,Chihuahua,LOC,-0.175,0.25,de,2,-1,,,,,,
St. Pauli-Landungsbrücken,St. Pauli-Landungsbrücken,LOC,0.0,0.0,de,2,-1,,,,,,
Feldberg,Feldberg,LOC,0.0,0.0,de,2,-1,,,,,,
Straßen-Profis,Straßen-Profis,LOC,0.0,0.0,de,2,-1,,,,,,
Poel,Poel,LOC,0.0,0.0,de,2,-1,,,,,,
Detlef,Detlef,LOC,0.7,0.0,de,2,-1,,,,,,
Frühherbst,Frühherbst,LOC,0.7,0.0,de,2,-1,,,,,,
Hennef/Eitorf,Hennef/Eitorf,LOC,-0.07500000000000001,0.0,de,2,-1,,,,,,
lno,lno,LOC,0.0,0.0,de,2,-1,,,,,,
Mitteldeutschland,Mitteldeutschland,LOC,0.35,0.0,de,2,-1,,,,,,
Frankfurter Flughafens,Frankfurter Flughafens,LOC,-0.7,0.0,de,2,-1,,,,,,
Obstschwemme,Obstschwemme,LOC,0.7,0.0,de,2,-1,,,,,,
Fahrpläne,Fahrpläne,LOC,0.7,0.0,de,2,-1,,,,,,
Lebensgefahr,Lebensgefahr,LOC,0.0,0.0,de,2,-1,,,,,,
Kältestarre,Kältestarre,LOC,0.0,0.0,de,2,-1,,,,,,
Kulturhauptstadt,Kulturhauptstadt,LOC,0.0,0.5,de,2,-1,,,,,,
Balkon,Balkon,LOC,-0.35,0.0,de,2,-1,,,,,,
Berliner Staudenmarkt,Berliner Staudenmarkt,LOC,0.0,0.0,de,2,-1,,,,,,
Nordsachsen,Nordsachsen,LOC,0.0,0.5,de,2,-1,,,,,,
Ski-Saison,Ski-Saison,LOC,0.0,0.0,de,2,-1,,,,,,
Dithmarscher,Dithmarscher,LOC,-1.0,0.0,de,2,-1,,,,,,
Ostpakistan,Ostpakistan,LOC,0.0,0.0,de,2,-1,,,,,,
Usbekistan,Usbekistan,LOC,0.0,0.0,de,2,-1,,,,,,
Kastanien,Kastanien,LOC,0.0,0.0,de,2,-1,,,,,,
Bayerns Alpen,Bayerns Alpen,LOC,0.0,0.0,de,2,-1,,,,,,
Zusammenschlusses,Zusammenschlusses,LOC,0.35,0.5,de,2,-1,,,,,,
Verkehrsbehinderungen,Verkehrsbehinderungen,LOC,0.0,0.0,de,2,-1,,,,,,
Wochenende,Wochenende,LOC,0.0,0.5,de,2,-1,,,,,,
Hohen Dachstein,Hohen Dachstein,LOC,0.0,0.0,de,2,-1,,,,,,
Pakistan,Pakistan,LOC,0.0,0.0,de,2,-1,,,,,,
Crecy,Crecy,LOC,0.0,0.0,de,2,-1,,,,,,
Südschwarzwald,Südschwarzwald,LOC,-0.5,0.0,de,2,-1,,,,,,
Defizite,Defizite,LOC,0.0,0.0,de,2,-1,,,,,,
Mittelhessen,Mittelhessen,LOC,0.7,0.0,de,2,-1,,,,,,
Selkestraße,Selkestraße,LOC,1.0,0.0,de,2,-1,,,,,,
Unfälle,Unfälle,LOC,-0.35,0.0,de,2,-1,,,,,,
Hochwasser,Hochwasser,LOC,-1.0,0.0,de,2,-1,,,,,,
Haus,Haus,LOC,0.0,0.0,de,2,-1,,,,,,
Millionär,Millionär,LOC,0.0,0.0,de,2,-1,,,,,,
Sylt-Fähren,Sylt-Fähren,LOC,-0.7,0.0,de,2,-1,,,,,,
Kreis L…,Kreis L…,LOC,0.0,0.0,de,2,-1,,,,,,
Misstrauens,Misstrauens,LOC,0.0,0.0,de,2,-1,,,,,,
Sommerendspurt,Sommerendspurt,LOC,0.0,0.0,de,2,-1,,,,,,
Föhr,Föhr,LOC,0.0,0.0,de,2,-1,,,,,,
Jahreszeitenwechsel,Jahreszeitenwechsel,LOC,0.0,0.0,de,2,-1,,,,,,
Rothenburg ob der Tauber,Rothenburg ob der Tauber,LOC,0.0,0.0,de,2,-1,,,,,,
Wettersturz,Wettersturz,LOC,-0.7,0.0,de,2,-1,,,,,,
Städtchens,Städtchens,LOC,0.0,0.0,de,2,-1,,,,,,
Neue Ringbahnbrücke,Neue Ringbahnbrücke,LOC,-1.0,0.0,de,2,-1,,,,,,
Klima-Protest,Klima-Protest,LOC,0.7,0.0,de,2,-1,,,,,,
Rostock,Rostock,LOC,-0.35,0.0,de,2,-1,,,,,,
Wochenendes,Wochenendes,LOC,0.7833333333333333,0.16666666666666666,de,2,-1,,,,,,
Statistischen Amtes Mecklenburg-Vorpommern,Statistischen Amtes Mecklenburg-Vorpommern,LOC,-0.35,0.0,de,2,-1,,,,,,
Westjordanland,Westjordanland,LOC,0.0,0.0,de,2,-1,,,,,,
Lainsitz,Lainsitz,LOC,0.35,0.0,de,2,-1,,,,,,
Marokko,Marokko,LOC,0.0,0.0,de,2,-1,,,,,,
Schwarzwald,Schwarzwald,LOC,0.0,0.0,de,2,-1,,,,,,
Verkehrsunternehmen Flix,Verkehrsunternehmen Flix,LOC,0.0,0.0,de,2,-1,,,,,,
Freitagnachmittag,Freitagnachmittag,LOC,-0.35,0.0,de,2,-1,,,,,,
Windböen,Windböen,LOC,-0.35,0.0,de,2,-1,,,,,,
Erntedankfest,Erntedankfest,LOC,1.0,0.0,de,2,-1,,,,,,
Grado,Grado,LOC,0.0,0.0,de,2,-1,,,,,,
Rekordwerten</li><li,Rekordwerten</li><li,LOC,0.7,0.0,de,2,-1,,,,,,
Gedser,Gedser,LOC,-0.35,0.0,de,2,-1,,,,,,
St…,St…,LOC,0.0,0.0,de,2,-1,,,,,,
Sonnenlandpark,Sonnenlandpark,LOC,0.0,0.0,de,2,-1,,,,,,
Reifenwechsel,Reifenwechsel,LOC,0.5,0.0,de,2,-1,,,,,,
Erlebnis-Pyramide,Erlebnis-Pyramide,LOC,0.0,0.0,de,2,-1,,,,,,
Sturmtief Joshua,Sturmtief Joshua,LOC,-0.7,0.0,de,2,-1,,,,,,
Badewanne,Badewanne,LOC,0.5249999999999999,0.25,de,2,-1,,,,,,
Klimawandel,Klimawandel,LOC,0.7,0.0,de,2,-1,,,,,,
Bemerkst du,Bemerkst du,LOC,1.0,0.0,de,2,-1,,,,,,
Diebe,Diebe,LOC,0.0,0.0,de,2,-1,,,,,,
Monte Rosa,Monte Rosa,LOC,0.0,0.0,de,2,-1,,,,,,
Marokkaner,Marokkaner,LOC,0.35,0.0,de,2,-1,,,,,,
Adenauerallee,Adenauerallee,LOC,-0.5,0.0,de,2,-1,,,,,,
Malaysia,Malaysia,LOC,0.75,0.25,de,2,-1,,,,,,
Wetterwechsel,Wetterwechsel,LOC,0.0,0.0,de,2,-1,,,,,,
Sydney,Sydney,LOC,0.0,0.0,de,2,-1,,,,,,
Frostschäden,Frostschäden,LOC,-0.175,0.75,de,2,-1,,,,,,
Kalender herumzuwerkeln,Kalender herumzuwerkeln,LOC,0.0,0.0,de,2,-1,,,,,,
Potsdam-Eiche,Potsdam-Eiche,LOC,0.35,0.0,de,2,-1,,,,,,
Nordmanntanne,Nordmanntanne,LOC,0.3,0.41666666666666663,de,2,-1,,,,,,
Nächtigungszahlen,Nächtigungszahlen,LOC,1.0,0.0,de,2,-1,,,,,,
Streusalz,Streusalz,LOC,0.25,0.25,de,2,-1,,,,,,
Metnitz,Metnitz,LOC,0.0,0.0,de,2,-1,,,,,,
Hilpoltstein,Hilpoltstein,LOC,-0.6333333333333333,0.16666666666666666,de,2,-1,,,,,,
Großbritannien,Großbritannien,LOC,0.0,0.0,de,2,-1,,,,,,
TikTok,TikTok,LOC,0.0,0.0,de,2,-1,,,,,,
Geschenke-Saison,Geschenke-Saison,LOC,-0.7,0.0,de,2,-1,,,,,,
Innsbruck,Innsbruck,LOC,0.0,0.0,de,2,-1,,,,,,
Wassergesetzes,Wassergesetzes,LOC,-0.35,0.0,de,2,-1,,,,,,
Seine,Seine,LOC,0.0,0.0,de,2,-1,,,,,,
Flughafen BER,Flughafen BER,LOC,0.0,0.0,de,2,-1,,,,,,
Krimi-Sommerpause,Krimi-Sommerpause,LOC,0.0,0.0,de,2,-1,,,,,,
Chile,Chile,LOC,0.175,0.25,de,2,-1,,,,,,
Südafrika,Südafrika,LOC,0.5249999999999999,0.25,de,2,-1,,,,,,
Gewitter-Radar,Gewitter-Radar,LOC,0.0,0.0,de,2,-1,,,,,,
Oberweser,Oberweser,LOC,-0.11666666666666665,0.6666666666666666,de,2,-1,,,,,,
Insel-Hauptstadt,Insel-Hauptstadt,LOC,0.0,0.0,de,2,-1,,,,,,
Heimisches Obst,Heimisches Obst,LOC,0.0,1.0,de,2,-1,,,,,,
Bundes,Bundes,LOC,0.0,0.0,de,2,-1,,,,,,
rheinland-pfälzische Landtag,rheinland-pfälzische Landtag,LOC,-0.925,0.0,de,2,-1,,,,,,
Ausfälle,Ausfälle,LOC,0.0,0.5,de,2,-1,,,,,,
Streuobstwiese,Streuobstwiese,LOC,0.575,0.0,de,2,-1,,,,,,
Mallorca,Mallorca,LOC,0.0,0.0,de,2,-1,,,,,,
Fuxtec,Fuxtec,LOC,0.6999999999999998,0.0,de,2,-1,,,,,,
Lippe,Lippe,LOC,-0.43749999999999994,0.0,de,2,-1,,,,,,
Benzin-Laubbläser FX-LBS126P,Benzin-Laubbläser FX-LBS126P,LOC,0.6999999999999998,0.0,de,2,-1,,,,,,
Benzin-Laubbläser Fuxtec,Benzin-Laubbläser Fuxtec,LOC,0.7,0.0,de,2,-1,,,,,,
Finanzfragen,Finanzfragen,LOC,0.0,1.0,de,2,-1,,,,,,
Eisglätte,Eisglätte,LOC,0.25,0.0,de,2,-1,,,,,,
Apfelernte,Apfelernte,LOC,0.0,0.0,de,2,-1,,,,,,
Ruhrgebiets,Ruhrgebiets,LOC,-0.43749999999999994,0.0,de,2,-1,,,,,,
Weimar,Weimar,LOC,-0.35,0.0,de,2,-1,,,,,,
Apolda,Apolda,LOC,-0.35,0.0,de,2,-1,,,,,,
Gebirgsregionen,Gebirgsregionen,LOC,0.0,0.0,de,2,-1,,,,,,
Wintersaison,Wintersaison,LOC,0.0,0.5,de,2,-1,,,,,,
Farbkombi,Farbkombi,LOC,0.35,0.0,de,2,-1,,,,,,
Kleingärten,Kleingärten,LOC,-0.35,0.0,de,2,-1,,,,,,
Schnee-Chaos,Schnee-Chaos,LOC,-0.175,0.25,de,2,-1,,,,,,
Donbass,Donbass,LOC,0.0,0.5,de,2,-1,,,,,,
Basel,Basel,LOC,0.0,0.0,de,2,-1,,,,,,
Vorräte,Vorräte,LOC,0.35,0.0,de,2,-1,,,,,,
Hitzewellen,Hitzewellen,LOC,0.0,0.0,de,2,-1,,,,,,
Norditalien,Norditalien,LOC,0.7,0.0,de,2,-1,,,,,,
Erntehochsaison,Erntehochsaison,LOC,0.0,0.0,de,2,-1,,,,,,
Mount Everest Region,Mount Everest Region,LOC,0.0,0.0,de,2,-1,,,,,,
Biosp…,Biosp…,LOC,0.0,0.0,de,2,-1,,,,,,
Statistische Landesamt,Statistische Landesamt,LOC,0.3,0.41666666666666663,de,2,-1,,,,,,
Wassermassen,Wassermassen,LOC,0.0,0.0,de,2,-1,,,,,,
Grönland,Grönland,LOC,-0.5,0.0,de,2,-1,,,,,,
Ministerien,Ministerien,LOC,-0.15000000000000002,0.0,de,2,-1,,,,,,
Galopprennbahn,Galopprennbahn,LOC,0.0,0.0,de,2,-1,,,,,,
Waldeck,Waldeck,LOC,-0.11666666666666665,0.6666666666666666,de,2,-1,,,,,,
Großbritanniens,Großbritanniens,LOC,0.925,0.0,de,2,-1,,,,,,
Sommerpause,Sommerpause,LOC,0.0,0.0,de,2,-1,,,,,,
Gundheim,Gundheim,LOC,-0.35,0.0,de,2,-1,,,,,,
Fruchtsaftkeltereien,Fruchtsaftkeltereien,LOC,0.7,0.0,de,2,-1,,,,,,
Bergsturz,Bergsturz,LOC,0.0,0.0,de,2,-1,,,,,,
Mittelmeerraum,Mittelmeerraum,LOC,-1.0,0.0,de,2,-1,,,,,,
Schwarz-Rot,Schwarz-Rot,LOC,-1.0,0.0,de,2,-1,,,,,,
Apothekerverbands,Apothekerverbands,LOC,-0.5,0.5,de,2,-1,,,,,,
Donau-Pflanzen,Donau-Pflanzen,LOC,0.0,0.0,de,2,-1,,,,,,
Amprion,Amprion,LOC,-0.7,0.0,de,2,-1,,,,,,
Ostseeküste,Ostseeküste,LOC,-0.35,0.0,de,2,-1,,,,,,
Nebel,Nebel,LOC,0.0,0.0,de,2,-1,,,,,,
Tromsø,Tromsø,LOC,0.0,0.0,de,2,-1,,,,,,
Horitschon,Horitschon,LOC,0.35,0.0,de,2,-1,,,,,,
Arbeitsmodus,Arbeitsmodus,LOC,-1.0,0.0,de,2,-1,,,,,,
BGH,BGH,LOC,0.0,0.0,de,2,-1,,,,,,
Bedrängnis,Bedrängnis,LOC,0.35,0.0,de,2,-1,,,,,,
Schloßstraße,Schloßstraße,LOC,0.0,0.0,de,2,-1,,,,,,
Alaskas,Alaskas,LOC,0.0,0.0,de,2,-1,,,,,,
Taifun Halong,Taifun Halong,LOC,0.0,0.0,de,2,-1,,,,,,
Park Wechselburg,Park Wechselburg,LOC,0.0,0.0,de,2,-1,,,,,,
niedersächsischen Küste,niedersächsischen Küste,LOC,-0.35,0.0,de,2,-1,,,,,,
Wetterkarten,Wetterkarten,LOC,0.0,0.0,de,2,-1,,,,,,
Perl,Perl,LOC,0.15000000000000002,0.0,de,2,-1,,,,,,
Schleswig-Holsteins,Schleswig-Holsteins,LOC,0.0,0.0,de,2,-1,,,,,,
Tel Aviv,Tel Aviv,LOC,0.85,0.0,de,2,-1,,,,,,
Estland,Estland,LOC,-0.07500000000000001,0.0,de,2,-1,,,,,,
Valencia,Valencia,LOC,0.0,0.5,de,2,-1,,,,,,
Landkreis Fulda,Landkreis Fulda,LOC,0.0,0.0,de,2,-1,,,,,,
Malawi,Malawi,LOC,0.0,1.0,de,2,-1,,,,,,
Kostenseite,Kostenseite,LOC,0.35,0.5,de,2,-1,,,,,,
Deichsystem,Deichsystem,LOC,0.0,0.0,de,2,-1,,,,,,
Norwegens,Norwegens,LOC,0.5,0.0,de,2,-1,,,,,,
Elbdeichs,Elbdeichs,LOC,0.0,0.0,de,2,-1,,,,,,
Montafon,Montafon,LOC,0.5,0.0,de,2,-1,,,,,,
Viktring,Viktring,LOC,0.35,0.0,de,2,-1,,,,,,
Beet,Beet,LOC,0.0,0.0,de,2,-1,,,,,,
Nordfinnland,Nordfinnland,LOC,0.0,0.0,de,2,-1,,,,,,
Klagenfurt,Klagenfurt,LOC,-0.15000000000000002,0.0,de,2,-1,,,,,,
Müsli,Müsli,LOC,0.0,0.0,de,2,-1,,,,,,
Weinanbau,Weinanbau,LOC,0.0,0.0,de,2,-1,,,,,,
Nutella,Nutella,LOC,0.0,0.0,de,2,-1,,,,,,
sinken,sinken,LOC,-0.175,0.75,de,2,-1,,,,,,
Dänemark,Dänemark,LOC,-1.0,0.0,de,2,-1,,,,,,
Italiener,Italiener,LOC,-0.5,0.0,de,2,-1,,,,,,
Dornbirn,Dornbirn,LOC,0.0,0.0,de,2,-1,,,,,,
Hessinnen,Hessinnen,LOC,0.5333333333333333,0.41666666666666663,de,2,-1,,,,,,
Hochsommer,Hochsommer,LOC,-0.25,0.25,de,2,-1,,,,,,
Boswiler,Boswiler,LOC,0.0,0.0,de,2,-1,,,,,,
Oberfranken,Oberfranken,LOC,0.0,0.0,de,2,-1,,,,,,
Peine,Peine,LOC,-0.5,0.0,de,2,-1,,,,,,
Teheran,Teheran,LOC,0.0,0.0,de,2,-1,,,,,,
Stürmische Böen,Stürmische Böen,LOC,0.0,0.0,de,2,-1,,,,,,
Amt für Statistik,Amt für Statistik,LOC,0.0,1.0,de,2,-1,,,,,,
Anhalt,Anhalt,LOC,0.0,0.0,de,2,-1,,,,,,
Kärnten,Kärnten,LOC,0.0,0.0,de,2,-1,,,,,,
Australien,Australien,LOC,0.0,0.0,de,2,-1,,,,,,
Kärntens,Kärntens,LOC,-0.25,0.25,de,2,-1,,,,,,
Sommer-Wochenende,Sommer-Wochenende,LOC,0.0,0.0,de,2,-1,,,,,,
Luzon,Luzon,LOC,-0.35,0.0,de,2,-1,,,,,,
Baumkronen,Baumkronen,LOC,-0.35,0.0,de,2,-1,,,,,,
Flughafen Berlin Brandenburg,Flughafen Berlin Brandenburg,LOC,0.0,0.0,de,2,-1,,,,,,
st…,st…,LOC,0.0,0.0,de,2,-1,,,,,,
Gepäck,Gepäck,LOC,0.0,0.0,de,2,-1,,,,,,
Libanon,Libanon,LOC,0.0,0.0,de,2,-1,,,,,,
Jakarta,Jakarta,LOC,0.0,0.0,de,2,-1,,,,,,
Bludenz,Bludenz,LOC,0.5,0.0,de,2,-1,,,,,,
Karibikstaats Jamaika,Karibikstaats Jamaika,LOC,-0.35,0.0,de,2,-1,,,,,,
Maschinenhalle,Maschinenhalle,LOC,-0.6666666666666666,0.0,de,2,-1,,,,,,
Sturzfluten,Sturzfluten,LOC,0.175,0.25,de,2,-1,,,,,,
Schwarze Strände,Schwarze Strände,LOC,0.0,0.8,de,2,-1,,,,,,
Karibikinsel,Karibikinsel,LOC,0.0,0.0,de,2,-1,,,,,,
Vulkane,Vulkane,LOC,0.0,0.8,de,2,-1,,,,,,
Panbari,Panbari,LOC,0.0,0.0,de,2,-1,,,,,,
Port Alberni,Port Alberni,LOC,-0.35,0.0,de,2,-1,,,,,,
Rathaus-Chef,Rathaus-Chef,LOC,0.0,0.0,de,2,-1,,,,,,
Hausarrest,Hausarrest,LOC,0.0,0.0,de,2,-1,,,,,,
Waldbränden,Waldbränden,LOC,0.0,0.5,de,2,-1,,,,,,
Griechenland,Griechenland,LOC,-0.07500000000000001,0.5,de,2,-1,,,,,,
Meteorologe,Meteorologe,LOC,0.75,0.25,de,2,-1,,,,,,
Erfurt,Erfurt,LOC,0.0,0.0,de,2,-1,,,,,,
Unstrut,Unstrut,LOC,0.0,0.0,de,2,-1,,,,,,
Herbstsaison,Herbstsaison,LOC,0.0,0.0,de,2,-1,,,,,,
Donau,Donau,LOC,0.5,0.0,de,2,-1,,,,,,
Heide,Heide,LOC,0.425,0.0,de,2,-1,,,,,,
Badesee,Badesee,LOC,0.0,0.0,de,2,-1,,,,,,
Ortler-Gebirge,Ortler-Gebirge,LOC,0.0,0.0,de,2,-1,,,,,,
La Palma,La Palma,LOC,0.0,0.8,de,2,-1,,,,,,
Archäologen,Archäologen,LOC,0.0,0.0,de,2,-1,,,,,,
Wetter-Mix,Wetter-Mix,LOC,0.0,0.0,de,2,-1,,,,,,
Mittelmeer,Mittelmeer,LOC,-0.35,0.0,de,2,-1,,,,,,
Belgorod,Belgorod,LOC,0.35,0.0,de,2,-1,,,,,,
Welthandelsvolumens,Welthandelsvolumens,LOC,0.0,0.0,de,2,-1,,,,,,
Magdeburger Börde,Magdeburger Börde,LOC,-0.35,0.0,de,2,-1,,,,,,
Salbeiernte,Salbeiernte,LOC,0.0,0.0,de,2,-1,,,,,,
Glan,Glan,LOC,-0.5,0.0,de,2,-1,,,,,,
Formentera,Formentera,LOC,0.0,1.0,de,2,-1,,,,,,
Poppichl,Poppichl,LOC,-0.5,0.0,de,2,-1,,,,,,
Gartenliebhaber,Gartenliebhaber,LOC,-1.0,0.0,de,2,-1,,,,,,
Sommerferien,Sommerferien,LOC,0.0,0.0,de,2,-1,,,,,,
Karibik,Karibik,LOC,-0.35,0.0,de,2,-1,,,,,,
Dörfern,Dörfern,LOC,0.35,0.0,de,2,-1,,,,,,
Südhessen,Südhessen,LOC,-0.35,0.0,de,2,-1,,,,,,
Südbaden,Südbaden,LOC,-0.35,0.0,de,2,-1,,,,,,
Wild-,Wild-,LOC,-1.0,0.0,de,2,-1,,,,,,
Englands,Englands,LOC,-0.5,0.0,de,2,-1,,,,,,
Ernteausfälle,Ernteausfälle,LOC,0.0,0.0,de,2,-1,,,,,,
St. Pauli,St. Pauli,LOC,-0.35,0.0,de,2,-1,,,,,,
Belém,Belém,LOC,0.35,0.0,de,2,-1,,,,,,
Stadt Halle,Stadt Halle,LOC,0.0,0.0,de,2,-1,,,,,,
Aschenbrödel-Saison,Aschenbrödel-Saison,LOC,0.0,0.0,de,2,-1,,,,,,
Bezirk St. Pölten,Bezirk St. Pölten,LOC,0.5,0.0,de,2,-1,,,,,,
"Shutterstock.com
","Shutterstock.com
",LOC,0.0,0.0,de,2,-1,,,,,,
Nuss-Nougat-Produkten,Nuss-Nougat-Produkten,LOC,-0.75,0.25,de,2,-1,,,,,,
Strandbad Plötzensee,Strandbad Plötzensee,LOC,0.0,0.0,de,2,-1,,,,,,
Dorfdrama,Dorfdrama,LOC,0.0,0.0,de,2,-1,,,,,,
Glyphosat-Streit,Glyphosat-Streit,LOC,0.0,0.0,de,2,-1,,,,,,
Vibrionen,Vibrionen,LOC,0.0,0.0,de,2,-1,,,,,,
Herausforderungen,Herausforderungen,LOC,0.5,0.0,de,2,-1,,,,,,
Osttirol,Osttirol,LOC,0.5,0.0,de,2,-1,,,,,,
Hagelschäden,Hagelschäden,LOC,0.0,0.0,de,2,-1,,,,,,
Niederösterreichs,Niederösterreichs,LOC,0.0,0.5,de,2,-1,,,,,,
sa,sa,LOC,0.35,0.0,de,2,-1,,,,,,
Altes Land,Altes Land,LOC,-0.7,0.0,de,2,-1,,,,,,
Sächsischen Schweiz,Sächsischen Schweiz,LOC,0.0,0.0,de,2,-1,,,,,,
Feldern,Feldern,LOC,-0.35,0.0,de,2,-1,,,,,,
Weizen,Weizen,LOC,-0.35,0.0,de,2,-1,,,,,,
Eichel-Saatgut,Eichel-Saatgut,LOC,0.0,0.0,de,2,-1,,,,,,
Moritzburg,Moritzburg,LOC,-0.35,0.0,de,2,-1,,,,,,
Roggen,Roggen,LOC,-0.35,0.0,de,2,-1,,,,,,
Post-Trio,Post-Trio,LOC,0.0,0.0,de,2,-1,,,,,,
Bad Schandau,Bad Schandau,LOC,0.0,0.0,de,2,-1,,,,,,
Bern,Bern,LOC,0.35,0.0,de,2,-1,,,,,,
Italiens,Italiens,LOC,0.0,0.0,de,2,-1,,,,,,
Ernte-Einbußen,Ernte-Einbußen,LOC,-0.07500000000000001,0.0,de,2,-1,,,,,,
Wasserkuppe,Wasserkuppe,LOC,-0.35,0.0,de,2,-1,,,,,,
Apulien,Apulien,LOC,0.0,0.0,de,2,-1,,,,,,
Mecklenburg-Vorpommerns,Mecklenburg-Vorpommerns,LOC,0.5,0.5,de,2,-1,,,,,,
Peißnitzinsel,Peißnitzinsel,LOC,0.0,0.0,de,2,-1,,,,,,
Halle-Saale-Schleife,Halle-Saale-Schleife,LOC,0.0,0.0,de,2,-1,,,,,,
Sommerwetterkurve,Sommerwetterkurve,LOC,0.0,0.0,de,2,-1,,,,,,
Varanasi,Varanasi,LOC,0.0,0.0,de,2,-1,,,,,,
Wiener Literaturmuseum,Wiener Literaturmuseum,LOC,0.7,0.0,de,1,-1,,,,,,
Trentino,Trentino,LOC,0.0,0.0,de,1,-1,,,,,,
Ital…,Ital…,LOC,0.0,0.0,de,1,-1,,,,,,
Sommer-Transferfenster,Sommer-Transferfenster,LOC,-0.7,0.0,de,1,-1,,,,,,
Berg Yalung Ri,Berg Yalung Ri,LOC,0.7,0.0,de,1,-1,,,,,,
FIFA-Boss Infantino,FIFA-Boss Infantino,LOC,0.0,0.0,de,1,-1,,,,,,
Schwebebahn Fichtelberg,Schwebebahn Fichtelberg,LOC,0.0,0.0,de,1,-1,,,,,,
Watzmann-Hocheck,Watzmann-Hocheck,LOC,-1.0,0.0,de,1,-1,,,,,,
Alles-Paket,Alles-Paket,LOC,0.7,0.0,de,1,-1,,,,,,
Karacho,Karacho,LOC,0.0,0.0,de,1,-1,,,,,,
Ri,Ri,LOC,0.0,0.0,de,1,-1,,,,,,
Schnee-Klatsche,Schnee-Klatsche,LOC,0.0,0.0,de,1,-1,,,,,,
Konditionen,Konditionen,LOC,0.0,0.0,de,1,-1,,,,,,
Bad König-Zell,Bad König-Zell,LOC,0.0,0.0,de,1,-1,,,,,,
Bundesstraße 45,Bundesstraße 45,LOC,0.0,0.0,de,1,-1,,,,,,
Nepals,Nepals,LOC,0.7,0.0,de,1,-1,,,,,,
Comer See,Comer See,LOC,0.7,0.0,de,1,-1,,,,,,
Laufsteg,Laufsteg,LOC,0.0,0.0,de,1,-1,,,,,,
Schwarze Meer,Schwarze Meer,LOC,0.7,0.0,de,1,-1,,,,,,
Nachsaison,Nachsaison,LOC,0.0,0.0,de,1,-1,,,,,,
Lago …,Lago …,LOC,0.7,0.0,de,1,-1,,,,,,
Sankt Martin,Sankt Martin,LOC,0.0,0.0,de,1,-1,,,,,,
Hanse-Stadt,Hanse-Stadt,LOC,0.0,0.0,de,1,-1,,,,,,
Millionen-Metropole,Millionen-Metropole,LOC,0.0,0.0,de,1,-1,,,,,,
Varese,Varese,LOC,0.7,0.0,de,1,-1,,,,,,
Nestes,Nestes,LOC,0.0,0.0,de,1,-1,,,,,,
Mond-Spektakel,Mond-Spektakel,LOC,0.0,0.0,de,1,-1,,,,,,
Samstagnachmi…,Samstagnachmi…,LOC,0.0,0.0,de,1,-1,,,,,,
Glarus,Glarus,LOC,-1.0,0.0,de,1,-1,,,,,,
Herbststürme,Herbststürme,LOC,1.0,0.0,de,1,-1,,,,,,
Schneesturm,Schneesturm,LOC,0.0,0.0,de,1,-1,,,,,,
Qudang ge,Qudang ge,LOC,0.7,0.0,de,1,-1,,,,,,
Monte San Martino,Monte San Martino,LOC,0.7,0.0,de,1,-1,,,,,,
San Martino,San Martino,LOC,1.0,0.0,de,1,-1,,,,,,
B42,B42,LOC,0.425,0.0,de,1,-1,,,,,,
Nordhälfte,Nordhälfte,LOC,1.0,0.0,de,1,-1,,,,,,
Behördenangaben,Behördenangaben,LOC,-1.0,0.0,de,1,-1,,,,,,
Fort Myers,Fort Myers,LOC,0.0,1.0,de,1,-1,,,,,,
Lehman-Pleite,Lehman-Pleite,LOC,-0.5,0.5,de,1,-1,,,,,,
Erdbeben der Stärke,Erdbeben der Stärke,LOC,-1.0,0.0,de,1,-1,,,,,,
"Fort Myers
","Fort Myers
",LOC,0.0,0.0,de,1,-1,,,,,,
Nieder-Eschbach,Nieder-Eschbach,LOC,0.0,0.0,de,1,-1,,,,,,
Berges,Berges,LOC,-0.35,0.5,de,1,-1,,,,,,
Schokoladenbraun,Schokoladenbraun,LOC,0.7,0.0,de,1,-1,,,,,,
Florida,Florida,LOC,0.0,1.0,de,1,-1,,,,,,
Boris Rhein,Boris Rhein,LOC,0.0,0.0,de,1,-1,,,,,,
Oldtimer,Oldtimer,LOC,0.0,0.0,de,1,-1,,,,,,
Pfalzmarkt,Pfalzmarkt,LOC,0.0,0.0,de,1,-1,,,,,,
halbe Land,halbe Land,LOC,0.0,0.0,de,1,-1,,,,,,
Spätherbst,Spätherbst,LOC,0.0,0.0,de,1,-1,,,,,,
Provinz Samangan,Provinz Samangan,LOC,-0.5,0.5,de,1,-1,,,,,,
Afghanistans,Afghanistans,LOC,-1.0,0.0,de,1,-1,,,,,,
Celsius,Celsius,LOC,0.0,0.0,de,1,-1,,,,,,
Tür,Tür,LOC,0.0,0.0,de,1,-1,,,,,,
Hundemantel,Hundemantel,LOC,-0.7,0.0,de,1,-1,,,,,,
Morddrohungen,Morddrohungen,LOC,0.0,0.0,de,1,-1,,,,,,
Bankhaus,Bankhaus,LOC,1.0,0.0,de,1,-1,,,,,,
Fahrbahn,Fahrbahn,LOC,0.7,0.0,de,1,-1,,,,,,
dreis…,dreis…,LOC,1.0,0.0,de,1,-1,,,,,,
Straße,Straße,LOC,0.0,0.0,de,1,-1,,,,,,
Haus am See,Haus am See,LOC,0.0,1.0,de,1,-1,,,,,,
Herbstlaub,Herbstlaub,LOC,0.0,0.0,de,1,-1,,,,,,
Erdbeben in Afghanistan,Erdbeben in Afghanistan,LOC,0.0,0.0,de,1,-1,,,,,,
Kabul,Kabul,LOC,0.0,0.0,de,1,-1,,,,,,
Berliner Sonne,Berliner Sonne,LOC,-1.0,0.0,de,1,-1,,,,,,
Frankfurt flixen,Frankfurt flixen,LOC,0.35,0.5,de,1,-1,,,,,,
Afrika,Afrika,LOC,-0.7,0.0,de,1,-1,,,,,,
Dauerschleife,Dauerschleife,LOC,0.7,0.0,de,1,-1,,,,,,
Sirenen-Alarm,Sirenen-Alarm,LOC,0.0,0.0,de,1,-1,,,,,,
nordafrikanische Land,nordafrikanische Land,LOC,-1.0,0.0,de,1,-1,,,,,,
Besucherlimit,Besucherlimit,LOC,0.0,1.0,de,1,-1,,,,,,
Madonna di Campiglio,Madonna di Campiglio,LOC,0.7,0.0,de,1,-1,,,,,,
Pelzfarmen,Pelzfarmen,LOC,0.0,0.0,de,1,-1,,,,,,
Hochwasser-Einsatz,Hochwasser-Einsatz,LOC,-1.0,0.0,de,1,-1,,,,,,
Gletscher-Sterben,Gletscher-Sterben,LOC,-0.2333333333333333,0.0,de,1,-1,,,,,,
Sturms,Sturms,LOC,0.0,0.0,de,1,-1,,,,,,
Preisunterschiede,Preisunterschiede,LOC,0.0,1.0,de,1,-1,,,,,,
Provinz Aurora,Provinz Aurora,LOC,-0.7,0.0,de,1,-1,,,,,,
Archipel,Archipel,LOC,-0.7,0.0,de,1,-1,,,,,,
Geldbeutel,Geldbeutel,LOC,0.85,0.0,de,1,-1,,,,,,
Gartenzauns,Gartenzauns,LOC,0.0,0.0,de,1,-1,,,,,,
Haustür,Haustür,LOC,0.0,0.0,de,1,-1,,,,,,
Wirbelsturm,Wirbelsturm,LOC,0.0,0.0,de,1,-1,,,,,,
Winterwonderland,Winterwonderland,LOC,1.0,0.0,de,1,-1,,,,,,
Märchenhaftes Monschau,Märchenhaftes Monschau,LOC,1.0,0.0,de,1,-1,,,,,,
Brasilien,Brasilien,LOC,0.0,0.0,de,1,-1,,,,,,
Villgratental,Villgratental,LOC,0.35,0.5,de,1,-1,,,,,,
Insel La…,Insel La…,LOC,0.0,0.0,de,1,-1,,,,,,
Lawinen,Lawinen,LOC,0.7,0.0,de,1,-1,,,,,,
Kals,Kals,LOC,0.7,0.0,de,1,-1,,,,,,
Sierße,Sierße,LOC,0.0,0.0,de,1,-1,,,,,,
Hopfenbauern,Hopfenbauern,LOC,-1.0,0.0,de,1,-1,,,,,,
Osttirols,Osttirols,LOC,0.7,0.0,de,1,-1,,,,,,
Dreierpack,Dreierpack,LOC,0.0,0.0,de,1,-1,,,,,,
New York,New York,LOC,0.0,0.0,de,1,-1,,,,,,
Oberbayern,Oberbayern,LOC,0.0,0.0,de,1,-1,,,,,,
Sturmtief Detlef,Sturmtief Detlef,LOC,0.0,0.0,de,1,-1,,,,,,
Schüssel,Schüssel,LOC,0.0,0.0,de,1,-1,,,,,,
Millionenschaden,Millionenschaden,LOC,-1.0,0.0,de,1,-1,,,,,,
Landeserntedankfest,Landeserntedankfest,LOC,0.0,0.0,de,1,-1,,,,,,
Neu-Delhi,Neu-Delhi,LOC,0.0,0.0,de,1,-1,,,,,,
lni,lni,LOC,-0.3333333333333333,0.0,de,1,-1,,,,,,
Dresden,Dresden,LOC,1.0,0.0,de,1,-1,,,,,,
Stadtstaaten Bremen,Stadtstaaten Bremen,LOC,0.0,1.0,de,1,-1,,,,,,
KI-Funktionen,KI-Funktionen,LOC,0.7,0.0,de,1,-1,,,,,,
Landkreis Lüneburg,Landkreis Lüneburg,LOC,-0.3333333333333333,0.0,de,1,-1,,,,,,
Küchentisch,Küchentisch,LOC,0.0,0.0,de,1,-1,,,,,,
Allgäu,Allgäu,LOC,0.0,0.0,de,1,-1,,,,,,
Auhofbecken,Auhofbecken,LOC,0.7,0.0,de,1,-1,,,,,,
Stadt Wien,Stadt Wien,LOC,0.0,0.0,de,1,-1,,,,,,
Rhein-Main-Gebiet,Rhein-Main-Gebiet,LOC,1.0,0.0,de,1,-1,,,,,,
Wienfluss,Wienfluss,LOC,0.0,0.0,de,1,-1,,,,,,
Taiwan,Taiwan,LOC,-0.7,0.0,de,1,-1,,,,,,
Oberhausen,Oberhausen,LOC,0.0,0.0,de,1,-1,,,,,,
Älpler,Älpler,LOC,0.0,0.0,de,1,-1,,,,,,
Sorte,Sorte,LOC,0.7,0.0,de,1,-1,,,,,,
Klimaziele,Klimaziele,LOC,0.0,0.0,de,1,-1,,,,,,
Australian Magpies,Australian Magpies,LOC,0.0,0.0,de,1,-1,,,,,,
Mährobotern,Mährobotern,LOC,0.7,0.0,de,1,-1,,,,,,
Bezirk Gmünd,Bezirk Gmünd,LOC,0.0,0.0,de,1,-1,,,,,,
Landgericht Hof,Landgericht Hof,LOC,0.0,0.0,de,1,-1,,,,,,
Fluthelfer,Fluthelfer,LOC,-1.0,0.0,de,1,-1,,,,,,
Ex-Soldat,Ex-Soldat,LOC,-1.0,0.0,de,1,-1,,,,,,
Iden im,Iden im,LOC,0.0,0.0,de,1,-1,,,,,,
Festprogramm,Festprogramm,LOC,0.0,0.0,de,1,-1,,,,,,
Wohnwagen,Wohnwagen,LOC,0.0,0.0,de,1,-1,,,,,,
Vorzelte,Vorzelte,LOC,0.0,0.0,de,1,-1,,,,,,
Gmünd,Gmünd,LOC,0.0,0.0,de,1,-1,,,,,,
Braunaubachs,Braunaubachs,LOC,0.7,0.0,de,1,-1,,,,,,
Lücke,Lücke,LOC,0.0,0.0,de,1,-1,,,,,,
Nahrendorf,Nahrendorf,LOC,-0.3333333333333333,0.0,de,1,-1,,,,,,
Bund,Bund,LOC,0.0,0.0,de,1,-1,,,,,,
Stadt investi…,Stadt investi…,LOC,0.0,0.0,de,1,-1,,,,,,
adressgenau,adressgenau,LOC,0.0,0.0,de,1,-1,,,,,,
Braunaubaches,Braunaubaches,LOC,0.0,0.0,de,1,-1,,,,,,
Dauereinsatz,Dauereinsatz,LOC,0.0,0.0,de,1,-1,,,,,,
Wegweiser Überflutungsvorsorge,Wegweiser Überflutungsvorsorge,LOC,0.0,0.0,de,1,-1,,,,,,
Gestein,Gestein,LOC,0.0,0.0,de,1,-1,,,,,,
Kinderpornografie,Kinderpornografie,LOC,0.0,0.0,de,1,-1,,,,,,
Hof,Hof,LOC,1.0,0.0,de,1,-1,,,,,,
Iden im …,Iden im …,LOC,0.0,0.0,de,1,-1,,,,,,
(30,(30,LOC,0.0,0.0,de,1,-1,,,,,,
Pfarrplatz,Pfarrplatz,LOC,0.0,0.0,de,1,-1,,,,,,
Wintertourismus,Wintertourismus,LOC,0.0,0.0,de,1,-1,,,,,,
Herbsternte,Herbsternte,LOC,0.0,0.0,de,1,-1,,,,,,
Emden,Emden,LOC,0.0,0.0,de,1,-1,,,,,,
manövrierunfähiger,manövrierunfähiger,LOC,0.0,0.0,de,1,-1,,,,,,
Städtische Obstbäume,Städtische Obstbäume,LOC,0.0,0.0,de,1,-1,,,,,,
Wiener Nussberg,Wiener Nussberg,LOC,0.0,0.0,de,1,-1,,,,,,
Dezember-Hoch,Dezember-Hoch,LOC,0.0,0.0,de,1,-1,,,,,,
Erholungskurs,Erholungskurs,LOC,0.0,0.0,de,1,-1,,,,,,
Weinleise,Weinleise,LOC,0.0,0.0,de,1,-1,,,,,,
Hes…,Hes…,LOC,0.0,0.0,de,1,-1,,,,,,
Nigerdelta,Nigerdelta,LOC,0.0,0.0,de,1,-1,,,,,,
Sturmtief Bäume,Sturmtief Bäume,LOC,0.0,0.0,de,1,-1,,,,,,
Elb-Pegel St. Pauli,Elb-Pegel St. Pauli,LOC,0.0,1.0,de,1,-1,,,,,,
Bäuerin,Bäuerin,LOC,0.0,0.0,de,1,-1,,,,,,
Sambia,Sambia,LOC,0.0,0.0,de,1,-1,,,,,,
Scandlines,Scandlines,LOC,0.0,0.0,de,1,-1,,,,,,
Australier,Australier,LOC,0.0,0.0,de,1,-1,,,,,,
Joshua,Joshua,LOC,0.0,0.0,de,1,-1,,,,,,
Flötenkrähenstare,Flötenkrähenstare,LOC,0.0,0.0,de,1,-1,,,,,,
Olympiapark,Olympiapark,LOC,0.0,0.0,de,1,-1,,,,,,
Sachs…,Sachs…,LOC,0.0,0.0,de,1,-1,,,,,,
Windiger Wochenauftakt,Windiger Wochenauftakt,LOC,0.0,0.0,de,1,-1,,,,,,
Wetterbericht,Wetterbericht,LOC,0.0,0.0,de,1,-1,,,,,,
Südskandinavien,Südskandinavien,LOC,0.0,0.0,de,1,-1,,,,,,
Britischen Inseln,Britischen Inseln,LOC,0.0,0.0,de,1,-1,,,,,,
Nieders…,Nieders…,LOC,0.0,0.0,de,1,-1,,,,,,
W…,W…,LOC,0.0,0.0,de,1,-1,,,,,,
Herbstblues,Herbstblues,LOC,0.0,0.0,de,1,-1,,,,,,
DNA,DNA,LOC,0.0,0.0,de,1,-1,,,,,,
Kommissarin Lindholm,Kommissarin Lindholm,LOC,0.0,0.0,de,1,-1,,,,,,
Stotterns,Stotterns,LOC,0.0,0.0,de,1,-1,,,,,,
Umgang,Umgang,LOC,0.0,0.0,de,1,-1,,,,,,
Mainz/Saarbrücken,Mainz/Saarbrücken,LOC,-0.7,0.0,de,1,-1,,,,,,
Nahrungssuche,Nahrungssuche,LOC,0.0,1.0,de,1,-1,,,,,,
Sonntag überschne,Sonntag überschne,LOC,0.0,0.0,de,1,-1,,,,,,
Leer,Leer,LOC,-1.0,0.0,de,1,-1,,,,,,
Bad Zwischenahn,Bad Zwischenahn,LOC,-1.0,0.0,de,1,-1,,,,,,
Resultate,Resultate,LOC,0.0,0.0,de,1,-1,,,,,,
Grüner Strom,Grüner Strom,LOC,1.0,0.0,de,1,-1,,,,,,
Beeinträchtigungen,Beeinträchtigungen,LOC,0.0,0.0,de,1,-1,,,,,,
Feuerwehreinsätze,Feuerwehreinsätze,LOC,0.35,0.5,de,1,-1,,,,,,
Meteorologen,Meteorologen,LOC,-0.7,0.0,de,1,-1,,,,,,
"Sturmtief ""Joshua","Sturmtief ""Joshua",LOC,0.35,0.5,de,1,-1,,,,,,
herbstlich-kühl,herbstlich-kühl,LOC,0.0,0.0,de,1,-1,,,,,,
Bad Belzig,Bad Belzig,LOC,0.0,1.0,de,1,-1,,,,,,
Offenbach/Poppenhausen,Offenbach/Poppenhausen,LOC,-0.7,0.0,de,1,-1,,,,,,
Duisburg,Duisburg,LOC,0.0,0.0,de,1,-1,,,,,,
Schwemmland,Schwemmland,LOC,0.0,0.0,de,1,-1,,,,,,
Elf-Millionen-Metropole,Elf-Millionen-Metropole,LOC,0.0,0.0,de,1,-1,,,,,,
Deutschsommer,Deutschsommer,LOC,0.35,0.5,de,1,-1,,,,,,
Indonesiens,Indonesiens,LOC,0.0,0.0,de,1,-1,,,,,,
Herbstwald an der Wegscheide,Herbstwald an der Wegscheide,LOC,0.7,0.0,de,1,-1,,,,,,
Haupts…,Haupts…,LOC,0.0,0.0,de,1,-1,,,,,,
Klima-Schocks,Klima-Schocks,LOC,0.0,0.0,de,1,-1,,,,,,
Klimawa…,Klimawa…,LOC,-0.2333333333333333,0.0,de,1,-1,,,,,,
Spinnen-Roboter,Spinnen-Roboter,LOC,0.0,0.0,de,1,-1,,,,,,
Agadir,Agadir,LOC,0.0,0.0,de,1,-1,,,,,,
Südpol,Südpol,LOC,0.0,0.0,de,1,-1,,,,,,
Schorfheide-Chorin,Schorfheide-Chorin,LOC,0.0,0.0,de,1,-1,,,,,,
entfliehe,entfliehe,LOC,0.0,0.0,de,1,-1,,,,,,
Eisschilde,Eisschilde,LOC,0.0,0.0,de,1,-1,,,,,,
Ozean,Ozean,LOC,0.0,0.0,de,1,-1,,,,,,
Gartenarbeit,Gartenarbeit,LOC,-0.85,0.0,de,1,-1,,,,,,
Hauptstadtflughafen,Hauptstadtflughafen,LOC,0.0,0.0,de,1,-1,,,,,,
Vorj…,Vorj…,LOC,0.0,0.0,de,1,-1,,,,,,
Bad Harzburg,Bad Harzburg,LOC,0.0,1.0,de,1,-1,,,,,,
Jamaikas,Jamaikas,LOC,0.0,0.0,de,1,-1,,,,,,
Landkreis Goslar,Landkreis Goslar,LOC,0.0,1.0,de,1,-1,,,,,,
Kroatien,Kroatien,LOC,0.0,0.0,de,1,-1,,,,,,
Zadar,Zadar,LOC,0.0,0.0,de,1,-1,,,,,,
Todtnau,Todtnau,LOC,0.0,0.0,de,1,-1,,,,,,
Sturmtief,Sturmtief,LOC,0.7,0.0,de,1,-1,,,,,,
Raubüberfall,Raubüberfall,LOC,0.0,0.0,de,1,-1,,,,,,
Pampasgras,Pampasgras,LOC,0.0,0.0,de,1,-1,,,,,,
Landkreis Bergstraße,Landkreis Bergstraße,LOC,-0.7,0.0,de,1,-1,,,,,,
Einbrüchen,Einbrüchen,LOC,-0.7,0.0,de,1,-1,,,,,,
Wedel …,Wedel …,LOC,0.0,0.0,de,1,-1,,,,,,
Äste,Äste,LOC,0.0,0.0,de,1,-1,,,,,,
Biker-Outfit,Biker-Outfit,LOC,0.7,0.0,de,1,-1,,,,,,
Sächsische Schweiz,Sächsische Schweiz,LOC,0.0,0.0,de,1,-1,,,,,,
Sächsischen Schweiz w…,Sächsischen Schweiz w…,LOC,-0.7,0.0,de,1,-1,,,,,,
Auswirkungen,Auswirkungen,LOC,0.0,0.0,de,1,-1,,,,,,
Forstwirt-Azubis,Forstwirt-Azubis,LOC,0.0,0.0,de,1,-1,,,,,,
Niedersachsens,Niedersachsens,LOC,0.0,1.0,de,1,-1,,,,,,
Schneereg…,Schneereg…,LOC,0.0,0.0,de,1,-1,,,,,,
Erzgebirgskreis,Erzgebirgskreis,LOC,0.0,0.0,de,1,-1,,,,,,
Wasserrettern,Wasserrettern,LOC,0.0,0.0,de,1,-1,,,,,,
Galeria,Galeria,LOC,0.0,0.0,de,1,-1,,,,,,
Oberwiesenthal,Oberwiesenthal,LOC,0.0,0.0,de,1,-1,,,,,,
Mittelmeerinsel,Mittelmeerinsel,LOC,0.0,0.0,de,1,-1,,,,,,
Flusses Fango ert…,Flusses Fango ert…,LOC,0.0,0.0,de,1,-1,,,,,,
Aussicht,Aussicht,LOC,0.0,0.0,de,1,-1,,,,,,
dpa/sn,dpa/sn,LOC,0.0,0.0,de,1,-1,,,,,,
Streusalz-Alternativen,Streusalz-Alternativen,LOC,0.0,0.0,de,1,-1,,,,,,
Apfelhof,Apfelhof,LOC,0.0,0.0,de,1,-1,,,,,,
Zikade Herr,Zikade Herr,LOC,0.0,0.0,de,1,-1,,,,,,
Elbe Sturmflut-Niveau,Elbe Sturmflut-Niveau,LOC,0.0,0.0,de,1,-1,,,,,,
Kreis Bergstraße,Kreis Bergstraße,LOC,0.0,0.0,de,1,-1,,,,,,
Toast Hawaii,Toast Hawaii,LOC,0.0,0.0,de,1,-1,,,,,,
Vogelgrippe,Vogelgrippe,LOC,0.0,0.0,de,1,-1,,,,,,
Schlaghosen,Schlaghosen,LOC,0.0,0.0,de,1,-1,,,,,,
Oberhof,Oberhof,LOC,0.0,0.0,de,1,-1,,,,,,
Geflügelbetrieben,Geflügelbetrieben,LOC,0.0,0.0,de,1,-1,,,,,,
Wintersportz…,Wintersportz…,LOC,0.0,0.0,de,1,-1,,,,,,
Thüringer Wald,Thüringer Wald,LOC,0.35,0.4,de,1,-1,,,,,,
Ärmelkanal,Ärmelkanal,LOC,0.0,0.0,de,1,-1,,,,,,
Gnocchi,Gnocchi,LOC,0.85,0.0,de,1,-1,,,,,,
Bio-Bauern,Bio-Bauern,LOC,0.0,0.0,de,1,-1,,,,,,
Herbstmodus,Herbstmodus,LOC,-0.7,0.0,de,1,-1,,,,,,
Schneeflocken,Schneeflocken,LOC,0.0,0.0,de,1,-1,,,,,,
Bundesforschungszentrum für Wald,Bundesforschungszentrum für Wald,LOC,0.0,0.0,de,1,-1,,,,,,
Hühnerbrühe,Hühnerbrühe,LOC,1.0,0.0,de,1,-1,,,,,,
Weißwein,Weißwein,LOC,1.0,0.0,de,1,-1,,,,,,
Netflix-Horror,Netflix-Horror,LOC,0.0,1.0,de,1,-1,,,,,,
Nosferatu,Nosferatu,LOC,0.0,1.0,de,1,-1,,,,,,
Bio-Äpfeln,Bio-Äpfeln,LOC,0.7,0.0,de,1,-1,,,,,,
Manchego-Späne,Manchego-Späne,LOC,1.0,0.0,de,1,-1,,,,,,
Paella,Paella,LOC,1.0,0.0,de,1,-1,,,,,,
Poirot,Poirot,LOC,0.7,0.0,de,1,-1,,,,,,
Sturm und Orkanböen,Sturm und Orkanböen,LOC,-1.0,0.0,de,1,-1,,,,,,
St. Pauli-Fischmarkt,St. Pauli-Fischmarkt,LOC,0.0,0.0,de,1,-1,,,,,,
Moritzburger Schloss,Moritzburger Schloss,LOC,0.0,0.0,de,1,-1,,,,,,
Saarbrücken/Kaiserslautern/Laumersheim,Saarbrücken/Kaiserslautern/Laumersheim,LOC,0.0,0.0,de,1,-1,,,,,,
Krisenfall,Krisenfall,LOC,0.0,1.0,de,1,-1,,,,,,
Moselwinzer,Moselwinzer,LOC,0.0,0.0,de,1,-1,,,,,,
Hohenwarthe,Hohenwarthe,LOC,0.0,0.0,de,1,-1,,,,,,
Mosel,Mosel,LOC,-0.7,0.0,de,1,-1,,,,,,
Denim-Trends,Denim-Trends,LOC,0.7,0.0,de,1,-1,,,,,,
Dnipropetrowsk,Dnipropetrowsk,LOC,-1.0,0.0,de,1,-1,,,,,,
Biogasanlagen,Biogasanlagen,LOC,0.0,1.0,de,1,-1,,,,,,
Pokrowsk-Front,Pokrowsk-Front,LOC,0.0,0.0,de,1,-1,,,,,,
russische Kommando,russische Kommando,LOC,0.0,0.0,de,1,-1,,,,,,
Haus…,Haus…,LOC,0.0,0.0,de,1,-1,,,,,,
Kängurus,Kängurus,LOC,0.0,0.0,de,1,-1,,,,,,
Perth,Perth,LOC,0.0,0.0,de,1,-1,,,,,,
Thalmässing,Thalmässing,LOC,0.0,0.9,de,1,-1,,,,,,
Königssee,Königssee,LOC,0.0,0.0,de,1,-1,,,,,,
Aufbaustudium,Aufbaustudium,LOC,0.0,0.0,de,1,-1,,,,,,
Berchtesgadener Alpen,Berchtesgadener Alpen,LOC,0.0,0.0,de,1,-1,,,,,,
Berchtesgadener Land,Berchtesgadener Land,LOC,-0.7,0.0,de,1,-1,,,,,,
Erntesaison,Erntesaison,LOC,0.0,0.0,de,1,-1,,,,,,
Brüssel,Brüssel,LOC,0.0,0.0,de,1,-1,,,,,,
Nürnbergs,Nürnbergs,LOC,0.0,0.0,de,1,-1,,,,,,
Bad,Bad,LOC,0.0,0.0,de,1,-1,,,,,,
Obstanbau,Obstanbau,LOC,0.0,1.0,de,1,-1,,,,,,
Hurrikan-Schäden,Hurrikan-Schäden,LOC,0.7,0.0,de,1,-1,,,,,,
Bayerischen Landesverband für Gartenbau und Landespflege,Bayerischen Landesverband für Gartenbau und Landespflege,LOC,1.0,0.0,de,1,-1,,,,,,
Obst heuer,Obst heuer,LOC,0.5,0.5,de,1,-1,,,,,,
Landwirte,Landwirte,LOC,0.0,0.0,de,1,-1,,,,,,
Kartoffelbauern,Kartoffelbauern,LOC,0.04999999999999999,0.0,de,1,-1,,,,,,
Mexiko-Stadt,Mexiko-Stadt,LOC,0.0,0.0,de,1,-1,,,,,,
chic,chic,LOC,1.0,0.0,de,1,-1,,,,,,
Cherson,Cherson,LOC,-1.0,0.0,de,1,-1,,,,,,
Hohenwarthe/Magdeburg,Hohenwarthe/Magdeburg,LOC,0.0,0.0,de,1,-1,,,,,,
Sommerloch,Sommerloch,LOC,0.0,0.0,de,1,-1,,,,,,
Raub,Raub,LOC,-1.0,0.0,de,1,-1,,,,,,
Tours,Tours,LOC,1.0,0.0,de,1,-1,,,,,,
Nestlé-Pflanzenlabor,Nestlé-Pflanzenlabor,LOC,1.0,0.0,de,1,-1,,,,,,
Tiroler,Tiroler,LOC,1.0,0.0,de,1,-1,,,,,,
Produktionsbetriebe,Produktionsbetriebe,LOC,-1.0,0.0,de,1,-1,,,,,,
Absatz,Absatz,LOC,1.0,0.0,de,1,-1,,,,,,
Ostantarktis,Ostantarktis,LOC,0.0,0.0,de,1,-1,,,,,,
Deiche,Deiche,LOC,0.7,0.0,de,1,-1,,,,,,
Everest,Everest,LOC,0.0,0.0,de,1,-1,,,,,,
Antarktis,Antarktis,LOC,0.0,0.0,de,1,-1,,,,,,
Pipeline Kolzewoj,Pipeline Kolzewoj,LOC,0.7,0.0,de,1,-1,,,,,,
Kremls,Kremls,LOC,0.0,0.0,de,1,-1,,,,,,
Landstriche,Landstriche,LOC,0.7,0.0,de,1,-1,,,,,,
Stadtteile,Stadtteile,LOC,0.7,0.0,de,1,-1,,,,,,
Rettung,Rettung,LOC,0.0,1.0,de,1,-1,,,,,,
Erdrutschen,Erdrutschen,LOC,0.0,0.0,de,1,-1,,,,,,
Einreise-Verbot,Einreise-Verbot,LOC,0.0,0.0,de,1,-1,,,,,,
Kreml,Kreml,LOC,0.0,0.0,de,1,-1,,,,,,
IbizaHEUTE,IbizaHEUTE,LOC,0.0,0.0,de,1,-1,,,,,,
britischen Inseln,britischen Inseln,LOC,1.0,0.0,de,1,-1,,,,,,
Donezk,Donezk,LOC,0.0,0.0,de,1,-1,,,,,,
Las Vegas,Las Vegas,LOC,0.0,0.0,de,1,-1,,,,,,
nordfriesischen Küste,nordfriesischen Küste,LOC,0.0,0.0,de,1,-1,,,,,,
Landwirtschaftskammer Schleswig-Holstein,Landwirtschaftskammer Schleswig-Holstein,LOC,0.0,0.0,de,1,-1,,,,,,
Rendsburg,Rendsburg,LOC,0.0,0.0,de,1,-1,,,,,,
Kingston,Kingston,LOC,-0.7,0.0,de,1,-1,,,,,,
Blumenzwiebeln,Blumenzwiebeln,LOC,0.0,0.0,de,1,-1,,,,,,
Traisen,Traisen,LOC,-1.0,0.0,de,1,-1,,,,,,
Windpassing,Windpassing,LOC,-1.0,0.0,de,1,-1,,,,,,
Kälte,Kälte,LOC,0.0,0.0,de,1,-1,,,,,,
Herbst-Joggen,Herbst-Joggen,LOC,0.0,0.0,de,1,-1,,,,,,
Hochwassereinsätze,Hochwassereinsätze,LOC,0.0,0.0,de,1,-1,,,,,,
Genf,Genf,LOC,0.0,0.0,de,1,-1,,,,,,
Cortina,Cortina,LOC,0.7,0.0,de,1,-1,,,,,,
Cortina d’Ampezzo,Cortina d’Ampezzo,LOC,0.7,0.0,de,1,-1,,,,,,
Laufstrecke,Laufstrecke,LOC,0.0,0.0,de,1,-1,,,,,,
Winter-Wechsel,Winter-Wechsel,LOC,0.0,0.0,de,1,-1,,,,,,
Bellingham,Bellingham,LOC,0.0,0.0,de,1,-1,,,,,,
Playa de Palma,Playa de Palma,LOC,0.0,0.0,de,1,-1,,,,,,
Steglitz,Steglitz,LOC,0.0,0.0,de,1,-1,,,,,,
großen Treimischer Teiches,großen Treimischer Teiches,LOC,0.7,0.0,de,1,-1,,,,,,
Schlosspark Wechselburg,Schlosspark Wechselburg,LOC,0.0,1.0,de,1,-1,,,,,,
Tulpenbaum,Tulpenbaum,LOC,0.7,0.0,de,1,-1,,,,,,
Trompetenbaum,Trompetenbaum,LOC,0.7,0.0,de,1,-1,,,,,,
Kuchenbaum,Kuchenbaum,LOC,0.7,0.0,de,1,-1,,,,,,
Mariannengraben,Mariannengraben,LOC,0.0,0.0,de,1,-1,,,,,,
kaufen,kaufen,LOC,0.15000000000000002,0.0,de,1,-1,,,,,,
Nabu Hessen,Nabu Hessen,LOC,-0.7,0.0,de,1,-1,,,,,,
Trier,Trier,LOC,1.0,0.0,de,1,-1,,,,,,
Jerichower …,Jerichower …,LOC,0.0,0.0,de,1,-1,,,,,,
Landwirtschaftskammer …,Landwirtschaftskammer …,LOC,0.0,0.0,de,1,-1,,,,,,
Hokkaido,Hokkaido,LOC,0.0,0.0,de,1,-1,,,,,,
Bernhardsthal,Bernhardsthal,LOC,1.0,0.0,de,1,-1,,,,,,
Tourismusbranche heuer,Tourismusbranche heuer,LOC,0.7,0.0,de,1,-1,,,,,,
Top-Event,Top-Event,LOC,0.0,0.0,de,1,-1,,,,,,
Platz der Geiseln,Platz der Geiseln,LOC,0.7,0.0,de,1,-1,,,,,,
Dortmunder Park,Dortmunder Park,LOC,1.0,0.0,de,1,-1,,,,,,
Großbrand,Großbrand,LOC,0.0,0.0,de,1,-1,,,,,,
Län…,Län…,LOC,-0.7,0.0,de,1,-1,,,,,,
Kuba,Kuba,LOC,0.0,0.0,de,1,-1,,,,,,
Kaiser-Friedrich-Straße,Kaiser-Friedrich-Straße,LOC,0.7,0.0,de,1,-1,,,,,,
Flutkatastrophe im Ahrtal,Flutkatastrophe im Ahrtal,LOC,0.0,0.0,de,1,-1,,,,,,
Bezirk Klagenfurt-…,Bezirk Klagenfurt-…,LOC,0.0,0.0,de,1,-1,,,,,,
Maria Saal,Maria Saal,LOC,0.0,0.0,de,1,-1,,,,,,
Winterurlaub,Winterurlaub,LOC,0.7,0.0,de,1,-1,,,,,,
Luxus der A…,Luxus der A…,LOC,0.0,0.0,de,1,-1,,,,,,
Wintermodus,Wintermodus,LOC,-1.0,0.0,de,1,-1,,,,,,
Staudamm-Attacke,Staudamm-Attacke,LOC,0.7,0.0,de,1,-1,,,,,,
Bildband,Bildband,LOC,0.0,0.0,de,1,-1,,,,,,
Sümpfen,Sümpfen,LOC,-0.7,0.0,de,1,-1,,,,,,
Hauptstadtflughafen BER,Hauptstadtflughafen BER,LOC,0.0,1.0,de,1,-1,,,,,,
Miyun,Miyun,LOC,0.0,0.0,de,1,-1,,,,,,
Wasserhosen,Wasserhosen,LOC,0.0,0.0,de,1,-1,,,,,,
Tornados,Tornados,LOC,0.0,0.0,de,1,-1,,,,,,
Bezirk Mistelbach,Bezirk Mistelbach,LOC,1.0,0.0,de,1,-1,,,,,,
Unions-Jungen,Unions-Jungen,LOC,0.0,0.0,de,1,-1,,,,,,
Vogelzugs,Vogelzugs,LOC,0.0,0.0,de,1,-1,,,,,,
Dehoga,Dehoga,LOC,0.0,0.0,de,1,-1,,,,,,
Safety-Modus,Safety-Modus,LOC,1.0,0.0,de,1,-1,,,,,,
St. Walburgen,St. Walburgen,LOC,0.0,0.0,de,1,-1,,,,,,
Polarkreises,Polarkreises,LOC,0.0,0.0,de,1,-1,,,,,,
Rumänin,Rumänin,LOC,0.0,0.0,de,1,-1,,,,,,
Hochwasserkatastrophe,Hochwasserkatastrophe,LOC,0.35,0.5,de,1,-1,,,,,,
Golfanlagen,Golfanlagen,LOC,0.35,0.5,de,1,-1,,,,,,
Beachvolleyballplätzen,Beachvolleyballplätzen,LOC,0.35,0.5,de,1,-1,,,,,,
Lucerne,Lucerne,LOC,0.0,0.0,de,1,-1,,,,,,
Beirut,Beirut,LOC,-0.15000000000000002,0.0,de,1,-1,,,,,,
Kumar,Kumar,LOC,0.0,0.0,de,1,-1,,,,,,
Fenstern,Fenstern,LOC,1.0,0.0,de,1,-1,,,,,,
Dordogne,Dordogne,LOC,0.0,0.0,de,1,-1,,,,,,
Weinkonsum,Weinkonsum,LOC,0.7,0.0,de,1,-1,,,,,,
Ko…,Ko…,LOC,0.7,0.0,de,1,-1,,,,,,
Eibenstock,Eibenstock,LOC,0.0,0.0,de,1,-1,,,,,,
Wasserstraßen- und Schifffahrtsamt,Wasserstraßen- und Schifffahrtsamt,LOC,0.0,0.0,de,1,-1,,,,,,
Warschauer Pakts,Warschauer Pakts,LOC,0.0,0.0,de,1,-1,,,,,,
Kanal…,Kanal…,LOC,0.0,0.0,de,1,-1,,,,,,
Prag,Prag,LOC,1.0,0.0,de,1,-1,,,,,,
Große Teile des Landes,Große Teile des Landes,LOC,0.35,0.0,de,1,-1,,,,,,
Gesamtschade…,Gesamtschade…,LOC,0.0,0.0,de,1,-1,,,,,,
Hochwasserab…,Hochwasserab…,LOC,0.0,0.0,de,1,-1,,,,,,
Iran,Iran,LOC,0.7,0.0,de,1,-1,,,,,,
Islamische Republik,Islamische Republik,LOC,0.0,0.0,de,1,-1,,,,,,
Kürbiskernöl,Kürbiskernöl,LOC,0.7,0.0,de,1,-1,,,,,,
Kerne,Kerne,LOC,0.0,0.0,de,1,-1,,,,,,
Laternenfest,Laternenfest,LOC,0.0,0.0,de,1,-1,,,,,,
Festplatz an der Saaleschleife,Festplatz an der Saaleschleife,LOC,0.0,0.0,de,1,-1,,,,,,
Festplatz,Festplatz,LOC,0.0,0.0,de,1,-1,,,,,,
Sankt Aldegund,Sankt Aldegund,LOC,0.0,0.0,de,1,-1,,,,,,
Bar,Bar,LOC,0.7,0.0,de,1,-1,,,,,,
Tauernautobahn,Tauernautobahn,LOC,0.0,0.0,de,1,-1,,,,,,
Spitzbergens,Spitzbergens,LOC,0.15000000000000002,0.0,de,1,-1,,,,,,
Pegelstände,Pegelstände,LOC,0.0,0.0,de,1,-1,,,,,,
metertief,metertief,LOC,-0.7,0.0,de,1,-1,,,,,,
Fuldaer,Fuldaer,LOC,1.0,0.0,de,1,-1,,,,,,
Maisfeld,Maisfeld,LOC,0.0,1.0,de,1,-1,,,,,,
Vorfreude,Vorfreude,LOC,0.0,0.0,de,1,-1,,,,,,
Weltreise,Weltreise,LOC,-0.7,0.0,de,1,-1,,,,,,
Bierglas,Bierglas,LOC,-0.7,0.0,de,1,-1,,,,,,
Statistische Bundesamt,Statistische Bundesamt,LOC,0.0,0.0,de,1,-1,,,,,,
Durchschni…,Durchschni…,LOC,0.10000000000000002,0.3333333333333333,de,1,-1,,,,,,
Bridgerton,Bridgerton,LOC,0.5,0.4,de,1,-1,,,,,,
Netflix,Netflix,LOC,0.5,0.4,de,1,-1,,,,,,
Dürre-Jahr,Dürre-Jahr,LOC,0.0,0.0,de,1,-1,,,,,,
Hauptland,Hauptland,LOC,1.0,0.0,de,1,-1,,,,,,
Bonn,Bonn,LOC,-0.7,0.0,de,1,-1,,,,,,
BLE,BLE,LOC,-0.7,0.0,de,1,-1,,,,,,
Finanzhilfen,Finanzhilfen,LOC,0.7,0.0,de,1,-1,,,,,,
Bundesliga-Fußballerinnen,Bundesliga-Fußballerinnen,LOC,0.0,0.0,de,1,-1,,,,,,
Salzburgs Bergen,Salzburgs Bergen,LOC,0.0,0.0,de,1,-1,,,,,,
Niederschlagsmengen,Niederschlagsmengen,LOC,0.0,0.0,de,1,-1,,,,,,
Forstau,Forstau,LOC,0.0,0.0,de,1,-1,,,,,,
Pongau,Pongau,LOC,0.0,0.0,de,1,-1,,,,,,
Fageralm,Fageralm,LOC,0.0,0.0,de,1,-1,,,,,,
Rhein-Main,Rhein-Main,LOC,0.0,0.0,de,1,-1,,,,,,
F.A.Z.-Hauptwache,F.A.Z.-Hauptwache,LOC,0.0,0.0,de,1,-1,,,,,,
Online-Abo,Online-Abo,LOC,0.0,0.0,de,1,-1,,,,,,
Sorokins,Sorokins,LOC,0.0,0.0,de,1,-1,,,,,,
Alaska,Alaska,LOC,0.0,0.0,de,1,-1,,,,,,
Niedrigwasser-Informationszentrum,Niedrigwasser-Informationszentrum,LOC,0.0,0.0,de,1,-1,,,,,,
NIZ,NIZ,LOC,0.0,0.0,de,1,-1,,,,,,
Prognose,Prognose,LOC,0.0,0.0,de,1,-1,,,,,,
Norddeutschlands,Norddeutschlands,LOC,1.0,0.0,de,1,-1,,,,,,
Stadt Dornbirn,Stadt Dornbirn,LOC,0.0,0.0,de,1,-1,,,,,,
Weavs GmbH,Weavs GmbH,LOC,0.0,0.0,de,1,-1,,,,,,
Sicherheitsgründen,Sicherheitsgründen,LOC,0.0,0.0,de,1,-1,,,,,,
Atomkraftwerk Gösgen,Atomkraftwerk Gösgen,LOC,0.0,1.0,de,1,-1,,,,,,
der Schweiz,der Schweiz,LOC,0.0,0.0,de,1,-1,,,,,,
Kino schöner lügen,Kino schöner lügen,LOC,-1.0,0.0,de,1,-1,,,,,,
Ringbahnbrücke,Ringbahnbrücke,LOC,-1.0,0.0,de,1,-1,,,,,,
Radebeul,Radebeul,LOC,0.0,0.0,de,1,-1,,,,,,
Salzlandkreis,Salzlandkreis,LOC,0.7,0.0,de,1,-1,,,,,,
Problempflanze,Problempflanze,LOC,0.7,0.0,de,1,-1,,,,,,
Ambrosia-Pollen,Ambrosia-Pollen,LOC,0.7,0.0,de,1,-1,,,,,,
Ungarn,Ungarn,LOC,-0.7,0.0,de,1,-1,,,,,,
Öst…,Öst…,LOC,-0.7,0.0,de,1,-1,,,,,,
Frankreichs,Frankreichs,LOC,0.0,0.0,de,1,-1,,,,,,
Bay…,Bay…,LOC,0.0,0.0,de,1,-1,,,,,,
Flughafen,Flughafen,LOC,-0.5,0.5,de,1,-1,,,,,,
F…,F…,LOC,0.0,0.0,de,1,-1,,,,,,
Designerin,Designerin,LOC,0.0,0.0,de,1,-1,,,,,,
Unionsminister,Unionsminister,LOC,0.0,1.0,de,1,-1,,,,,,
Ragweed-Allergien,Ragweed-Allergien,LOC,0.7,0.0,de,1,-1,,,,,,
Kriminalfall,Kriminalfall,LOC,-1.0,0.0,de,1,-1,,,,,,
Äckern,Äckern,LOC,-0.5,0.5,de,1,-1,,,,,,
Familiendrama,Familiendrama,LOC,-1.0,0.0,de,1,-1,,,,,,
Nutel…,Nutel…,LOC,0.0,0.0,de,1,-1,,,,,,
Magdeburger,Magdeburger,LOC,0.0,0.0,de,1,-1,,,,,,
Kreis Tuttlingen,Kreis Tuttlingen,LOC,0.0,0.0,de,1,-1,,,,,,
Stada,Stada,LOC,0.0,0.0,de,1,-1,,,,,,
Arzneihersteller Stada,Arzneihersteller Stada,LOC,0.7,0.0,de,1,-1,,,,,,
Statistischen Landesamtes,Statistischen Landesamtes,LOC,0.0,0.0,de,1,-1,,,,,,
Körnermais,Körnermais,LOC,0.0,0.0,de,1,-1,,,,,,
Corn-Cob-Mix,Corn-Cob-Mix,LOC,0.0,0.0,de,1,-1,,,,,,
Wühlmäusen,Wühlmäusen,LOC,0.7,0.0,de,1,-1,,,,,,
Nagetiere,Nagetiere,LOC,0.0,0.0,de,1,-1,,,,,,
Tim,Tim,LOC,0.0,0.0,de,1,-1,,,,,,
Ramona,Ramona,LOC,0.0,0.0,de,1,-1,,,,,,
Thailand,Thailand,LOC,0.0,0.0,de,1,-1,,,,,,
A100,A100,LOC,0.0,0.0,de,1,-1,,,,,,
Kasur,Kasur,LOC,0.0,0.0,de,1,-1,,,,,,
Montag w…,Montag w…,LOC,0.0,0.0,de,1,-1,,,,,,
Kentucky,Kentucky,LOC,0.0,0.0,de,1,-1,,,,,,
Flüss…,Flüss…,LOC,0.0,0.0,de,1,-1,,,,,,
bb,bb,LOC,0.0,0.0,de,1,-1,,,,,,
Österreichs Tor,Österreichs Tor,LOC,0.7,0.0,de,1,-1,,,,,,
Bergnot,Bergnot,LOC,1.0,0.0,de,1,-1,,,,,,
Fresach,Fresach,LOC,0.0,0.0,de,1,-1,,,,,,
Berlin un…,Berlin un…,LOC,0.0,0.0,de,1,-1,,,,,,
Großer Stromausfall,Großer Stromausfall,LOC,0.7,0.0,de,1,-1,,,,,,
Blitzschlag,Blitzschlag,LOC,0.7,0.0,de,1,-1,,,,,,
Stromausfall,Stromausfall,LOC,0.0,0.0,de,1,-1,,,,,,
Frostbereich,Frostbereich,LOC,0.0,0.0,de,1,-1,,,,,,
Wetterwoche,Wetterwoche,LOC,0.0,0.0,de,1,-1,,,,,,
Äpfeln,Äpfeln,LOC,-0.15000000000000002,0.0,de,1,-1,,,,,,
Spätsommerliche Tage,Spätsommerliche Tage,LOC,-0.15000000000000002,0.0,de,1,-1,,,,,,
Genuss,Genuss,LOC,0.0,0.0,de,1,-1,,,,,,
Adria-Küste,Adria-Küste,LOC,0.0,0.0,de,1,-1,,,,,,
Adria,Adria,LOC,0.0,0.0,de,1,-1,,,,,,
Corredera-Platz,Corredera-Platz,LOC,0.0,0.0,de,1,-1,,,,,,
Hervás,Hervás,LOC,0.0,1.0,de,1,-1,,,,,,
Weihnachtsmann,Weihnachtsmann,LOC,0.0,0.0,de,1,-1,,,,,,
Weihnachtsmann“,Weihnachtsmann“,LOC,0.0,0.0,de,1,-1,,,,,,
Weihnachtsmanndorf,Weihnachtsmanndorf,LOC,0.0,0.0,de,1,-1,,,,,,
Reformdruck,Reformdruck,LOC,0.0,0.0,de,1,-1,,,,,,
F.A.Z.-Newsletter,F.A.Z.-Newsletter,LOC,0.0,0.0,de,1,-1,,,,,,
Hauptlese,Hauptlese,LOC,0.0,1.0,de,1,-1,,,,,,
Vorjahres,Vorjahres,LOC,1.0,0.0,de,1,-1,,,,,,
Wölbing,Wölbing,LOC,1.0,0.0,de,1,-1,,,,,,
Traisental,Traisental,LOC,1.0,0.0,de,1,-1,,,,,,
noe,noe,LOC,1.0,0.0,de,1,-1,,,,,,
Wolken,Wolken,LOC,0.0,0.0,de,1,-1,,,,,,
Käferbohne,Käferbohne,LOC,0.0,0.0,de,1,-1,,,,,,
Ölkürbissen,Ölkürbissen,LOC,0.0,0.0,de,1,-1,,,,,,
Weimarer,Weimarer,LOC,-0.7,0.0,de,1,-1,,,,,,
Norweger,Norweger,LOC,0.0,0.0,de,1,-1,,,,,,
Peking,Peking,LOC,0.0,0.0,de,1,-1,,,,,,
Livign…,Livign…,LOC,0.0,0.0,de,1,-1,,,,,,
Frankfurt/Main,Frankfurt/Main,LOC,1.0,0.0,de,1,-1,,,,,,
Bayreuth,Bayreuth,LOC,0.0,0.0,de,1,-1,,,,,,
Fürth,Fürth,LOC,0.0,0.0,de,1,-1,,,,,,
Erlangen,Erlangen,LOC,0.0,0.0,de,1,-1,,,,,,
Ingolstadt,Ingolstadt,LOC,0.0,0.0,de,1,-1,,,,,,
Neu-Ulm,Neu-Ulm,LOC,0.0,0.0,de,1,-1,,,,,,
Ernte,Ernte,LOC,1.0,0.0,de,1,-1,,,,,,
Obstbauern,Obstbauern,LOC,0.7,0.0,de,1,-1,,,,,,
Verstopfte Nase,Verstopfte Nase,LOC,-1.0,0.0,de,1,-1,,,,,,
Gratiskaffees,Gratiskaffees,LOC,0.0,1.0,de,1,-1,,,,,,
Hausmitteln,Hausmitteln,LOC,0.0,1.0,de,1,-1,,,,,,
Saalbach-Hinterglemm,Saalbach-Hinterglemm,LOC,0.7,0.0,de,1,-1,,,,,,
Trondheim,Trondheim,LOC,0.0,0.0,de,1,-1,,,,,,
Versunkenes Dorf,Versunkenes Dorf,LOC,0.7,0.0,de,1,-1,,,,,,
Frust,Frust,LOC,0.0,0.0,de,1,-1,,,,,,
Tafamunt-Seilbahn,Tafamunt-Seilbahn,LOC,0.0,0.0,de,1,-1,,,,,,
Hornveilchen,Hornveilchen,LOC,1.0,0.0,de,1,-1,,,,,,
Krankmeldungen,Krankmeldungen,LOC,0.0,0.0,de,1,-1,,,,,,
Haselnuss-Krise,Haselnuss-Krise,LOC,0.0,0.0,de,1,-1,,,,,,
Weinherbst,Weinherbst,LOC,0.0,0.0,de,1,-1,,,,,,
Weinstraße,Weinstraße,LOC,0.0,1.0,de,1,-1,,,,,,
Twens,Twens,LOC,0.2333333333333333,0.0,de,1,-1,,,,,,
Aerosoft,Aerosoft,LOC,0.0,0.0,de,1,-1,,,,,,
Bregenz,Bregenz,LOC,0.0,0.0,de,1,-1,,,,,,
Wisconsin,Wisconsin,LOC,0.0,0.0,de,1,-1,,,,,,
Friedrichshafen,Friedrichshafen,LOC,1.0,0.0,de,1,-1,,,,,,
Dachsteingletschern schmilzt,Dachsteingletschern schmilzt,LOC,0.0,0.0,de,1,-1,,,,,,
Dachsteingebiet,Dachsteingebiet,LOC,-0.15000000000000002,0.0,de,1,-1,,,,,,
Svancers,Svancers,LOC,0.7,0.0,de,1,-1,,,,,,
Mahd,Mahd,LOC,0.0,0.0,de,1,-1,,,,,,
Schulferien,Schulferien,LOC,1.0,0.0,de,1,-1,,,,,,
Steinach,Steinach,LOC,0.0,0.0,de,1,-1,,,,,,
Böen zu…,Böen zu…,LOC,0.0,0.0,de,1,-1,,,,,,
Effenberg,Effenberg,LOC,0.0,0.0,de,1,-1,,,,,,
Diáz,Diáz,LOC,0.0,0.0,de,1,-1,,,,,,
Spargelland,Spargelland,LOC,0.0,0.0,de,1,-1,,,,,,
Beifuß,Beifuß,LOC,0.0,0.0,de,1,-1,,,,,,
iPad,iPad,LOC,0.0,0.0,de,1,-1,,,,,,
Multitasking,Multitasking,LOC,1.0,0.0,de,1,-1,,,,,,
Stadtgeschichten,Stadtgeschichten,LOC,0.0,0.0,de,1,-1,,,,,,
Tiflis,Tiflis,LOC,0.0,0.0,de,1,-1,,,,,,
Leichtathletikstadion Wankdorf,Leichtathletikstadion Wankdorf,LOC,0.7,0.0,de,1,-1,,,,,,
Pilze,Pilze,LOC,0.0,0.0,de,1,-1,,,,,,
Tolk-Schau,Tolk-Schau,LOC,0.0,0.0,de,1,-1,,,,,,
Kreis Schleswig-Flensburg,Kreis Schleswig-Flensburg,LOC,0.0,0.0,de,1,-1,,,,,,
Wetterprognosen,Wetterprognosen,LOC,-1.0,0.0,de,1,-1,,,,,,
Allergieforscher,Allergieforscher,LOC,0.5,0.4,de,1,-1,,,,,,
Deutschland w…,Deutschland w…,LOC,0.0,0.0,de,1,-1,,,,,,
Jena,Jena,LOC,-0.5,0.5,de,1,-1,,,,,,
Warme Prognosen für Bayern,Warme Prognosen für Bayern,LOC,0.0,0.0,de,1,-1,,,,,,
Badegewässern,Badegewässern,LOC,0.7,0.0,de,1,-1,,,,,,
Wasserständen,Wasserständen,LOC,-1.0,0.0,de,1,-1,,,,,,
Bakterien,Bakterien,LOC,0.0,0.0,de,1,-1,,,,,,
Würmer,Würmer,LOC,0.0,0.0,de,1,-1,,,,,,
D Busquets,D Busquets,LOC,0.0,0.0,de,1,-1,,,,,,
Städten,Städten,LOC,-0.25,0.5,de,1,-1,,,,,,
Bundesjustizamt,Bundesjustizamt,LOC,0.7,0.0,de,1,-1,,,,,,
Sommerfans,Sommerfans,LOC,-0.35,0.5,de,1,-1,,,,,,
chars,chars,LOC,0.0,0.0,de,1,-1,,,,,,
Wasserspaß,Wasserspaß,LOC,0.0,0.0,de,1,-1,,,,,,
Urlaubsfeeling,Urlaubsfeeling,LOC,0.0,0.0,de,1,-1,,,,,,
Dachstein-Seilbahn,Dachstein-Seilbahn,LOC,0.0,0.0,de,1,-1,,,,,,
Edersee-Atlantis,Edersee-Atlantis,LOC,0.7,0.0,de,1,-1,,,,,,
Weinbau: Normales Weinjahr,Weinbau: Normales Weinjahr,LOC,0.7,0.0,de,1,-1,,,,,,
Speyer,Speyer,LOC,0.0,0.0,de,1,-1,,,,,,
Kölner Dom,Kölner Dom,LOC,0.0,0.0,de,1,-1,,,,,,
Münchener Frauenkirche,Münchener Frauenkirche,LOC,0.0,0.0,de,1,-1,,,,,,
Online-Datenbank,Online-Datenbank,LOC,0.0,0.0,de,1,-1,,,,,,
Thüringer Agrar-,Thüringer Agrar-,LOC,0.0,0.0,de,1,-1,,,,,,
Lüneburger Heide u…,Lüneburger Heide u…,LOC,0.7,0.0,de,1,-1,,,,,,
Sülzwiesen,Sülzwiesen,LOC,0.7,0.0,de,1,-1,,,,,,
Innenstadt,Innenstadt,LOC,0.0,0.0,de,1,-1,,,,,,
Land für Sonne und…,Land für Sonne und…,LOC,0.0,0.0,de,1,-1,,,,,,
Inselsee,Inselsee,LOC,0.0,0.0,de,1,-1,,,,,,
Güstrow,Güstrow,LOC,0.0,0.0,de,1,-1,,,,,,
Niedrigwasser,Niedrigwasser,LOC,-0.85,0.0,de,1,-1,,,,,,
Sportanlagen,Sportanlagen,LOC,0.0,0.0,de,1,-1,,,,,,
Krems,Krems,LOC,0.0,0.0,de,1,-1,,,,,,
Tulln,Tulln,LOC,0.0,0.0,de,1,-1,,,,,,
Gewitter-Pause,Gewitter-Pause,LOC,0.0,0.0,de,1,-1,,,,,,
Edersee,Edersee,LOC,0.0,0.0,de,1,-1,,,,,,
Aspach,Aspach,LOC,0.0,0.0,de,1,-1,,,,,,
Sonnenhof,Sonnenhof,LOC,0.0,0.0,de,1,-1,,,,,,
Gewitter-Unterbrechung,Gewitter-Unterbrechung,LOC,0.0,0.0,de,1,-1,,,,,,
Blitze,Blitze,LOC,0.0,0.0,de,1,-1,,,,,,
Salzburger,Salzburger,LOC,0.0,0.0,de,1,-1,,,,,,
Luto,Luto,LOC,-1.0,0.0,de,1,-1,,,,,,
Kyra,Kyra,LOC,0.7,0.0,de,1,-1,,,,,,
Schottland,Schottland,LOC,0.7,0.0,de,1,-1,,,,,,
Schweden,Schweden,LOC,0.0,0.0,de,1,-1,,,,,,
Archipelago Trail,Archipelago Trail,LOC,0.0,1.0,de,1,-1,,,,,,
Stockholm,Stockholm,LOC,0.0,1.0,de,1,-1,,,,,,
Osmanthus-Blüte,Osmanthus-Blüte,LOC,0.0,0.0,de,1,-1,,,,,,
Kyoto,Kyoto,LOC,0.0,0.0,de,1,-1,,,,,,
Berliner Ensembles,Berliner Ensembles,LOC,0.0,0.0,de,1,-1,,,,,,
Fernsehturm,Fernsehturm,LOC,0.0,0.0,de,1,-1,,,,,,
Fensterfront,Fensterfront,LOC,0.0,0.0,de,1,-1,,,,,,
Immobilienmarkt,Immobilienmarkt,LOC,0.0,0.0,de,1,-1,,,,,,
Dachgeschosswohnungen,Dachgeschosswohnungen,LOC,0.7,0.0,de,1,-1,,,,,,
Edertal-Atlantis,Edertal-Atlantis,LOC,0.7,0.0,de,1,-1,,,,,,
Lufthansa-Flug,Lufthansa-Flug,LOC,-0.7,0.0,de,1,-1,,,,,,
Thüringer Handwerksbetrieben,Thüringer Handwerksbetrieben,LOC,0.7,0.0,de,1,-1,,,,,,
Live-Karten,Live-Karten,LOC,0.0,0.0,de,1,-1,,,,,,
COVID-19-Pandemi,COVID-19-Pandemi,LOC,0.0,0.0,de,1,-1,,,,,,
Sonnenblumenöl,Sonnenblumenöl,LOC,0.0,0.0,de,1,-1,,,,,,
Vatikan,Vatikan,LOC,0.0,0.0,de,1,-1,,,,,,
Kirschblüte,Kirschblüte,LOC,0.0,0.0,de,1,-1,,,,,,
Japaner,Japaner,LOC,1.0,0.0,de,1,-1,,,,,,
Tokio,Tokio,LOC,0.0,0.0,de,1,-1,,,,,,
Inselparadies La Palma  ️.,Inselparadies La Palma  ️.,LOC,0.0,0.0,de,1,-1,,,,,,
Kälte-Blues,Kälte-Blues,LOC,0.0,0.8,de,1,-1,,,,,,
Lorbeerwälder,Lorbeerwälder,LOC,0.0,0.8,de,1,-1,,,,,,
Atlantik,Atlantik,LOC,0.0,0.8,de,1,-1,,,,,,
Einkaufstour,Einkaufstour,LOC,0.0,0.0,de,1,-1,,,,,,
Hafenstadt,Hafenstadt,LOC,0.0,0.0,de,1,-1,,,,,,
Mount Underwoo…,Mount Underwoo…,LOC,-0.7,0.0,de,1,-1,,,,,,
Iberischen Halbinsel,Iberischen Halbinsel,LOC,0.0,1.0,de,1,-1,,,,,,
Staaten,Staaten,LOC,-1.0,0.0,de,1,-1,,,,,,
Iberische Halbinsel,Iberische Halbinsel,LOC,0.0,0.0,de,1,-1,,,,,,
Pflegeheimen,Pflegeheimen,LOC,1.0,0.0,de,1,-1,,,,,,
Klimawandel-Stresstest,Klimawandel-Stresstest,LOC,0.0,0.0,de,1,-1,,,,,,
Waldbrand,Waldbrand,LOC,0.0,0.0,de,1,-1,,,,,,
Flughafen Erfurt,Flughafen Erfurt,LOC,-0.5,0.5,de,1,-1,,,,,,
Hitzerekorde,Hitzerekorde,LOC,0.0,0.0,de,1,-1,,,,,,
Gießverbote,Gießverbote,LOC,0.0,0.0,de,1,-1,,,,,,
Hitzewelle,Hitzewelle,LOC,0.0,0.0,de,1,-1,,,,,,
Schirmchen am Meer,Schirmchen am Meer,LOC,0.0,0.0,de,1,-1,,,,,,
Picknickdecke,Picknickdecke,LOC,0.0,0.0,de,1,-1,,,,,,
Walle,Walle,LOC,0.0,0.0,de,1,-1,,,,,,
Waller Marsch,Waller Marsch,LOC,0.0,0.0,de,1,-1,,,,,,
Zugschienen,Zugschienen,LOC,0.0,0.0,de,1,-1,,,,,,
Wolken am Morgen,Wolken am Morgen,LOC,0.0,1.0,de,1,-1,,,,,,
Südamerika,Südamerika,LOC,-0.5666666666666667,0.0,de,1,-1,,,,,,
Spaniens,Spaniens,LOC,0.0,0.0,de,1,-1,,,,,,
Nachschub,Nachschub,LOC,0.7,0.0,de,1,-1,,,,,,
Sommer-Comeback,Sommer-Comeback,LOC,0.0,0.0,de,1,-1,,,,,,
Medaillen,Medaillen,LOC,-0.7,0.0,de,1,-1,,,,,,
Europäische Rechnungshof,Europäische Rechnungshof,LOC,-1.0,0.0,de,1,-1,,,,,,
herbstlich,herbstlich,LOC,0.7,0.0,de,1,-1,,,,,,
spätsommerlich,spätsommerlich,LOC,0.7,0.0,de,1,-1,,,,,,
Museum,Museum,LOC,0.0,0.0,de,1,-1,,,,,,
Statistische Lande…,Statistische Lande…,LOC,0.0,0.0,de,1,-1,,,,,,
Gartenlieblinge,Gartenlieblinge,LOC,0.0,0.0,de,1,-1,,,,,,
Bordeaux,Bordeaux,LOC,0.0,0.0,de,1,-1,,,,,,
hochsommerlich,hochsommerlich,LOC,0.7,0.0,de,1,-1,,,,,,
B,B,LOC,0.0,0.0,de,1,-1,,,,,,
unbeständiger,unbeständiger,LOC,0.7,0.0,de,1,-1,,,,,,
Moststraße,Moststraße,LOC,0.7,0.0,de,1,-1,,,,,,
Essen,Essen,LOC,0.0,0.0,de,1,-1,,,,,,
Scheiterns,Scheiterns,LOC,-1.0,0.0,de,1,-1,,,,,,
ei…,ei…,LOC,0.0,0.0,de,1,-1,,,,,,
Gewitter-Absturz,Gewitter-Absturz,LOC,0.0,0.0,de,1,-1,,,,,,
Mulde,Mulde,LOC,0.0,0.0,de,1,-1,,,,,,
Nachbarn,Nachbarn,LOC,0.0,1.0,de,1,-1,,,,,,
Franzosen,Franzosen,LOC,0.0,1.0,de,1,-1,,,,,,
Weltkindertag,Weltkindertag,LOC,0.0,0.0,de,1,-1,,,,,,
Sonnenland-Freizeitpark,Sonnenland-Freizeitpark,LOC,0.0,0.0,de,1,-1,,,,,,
Lichtenau,Lichtenau,LOC,0.0,0.0,de,1,-1,,,,,,
T-Shirt-,T-Shirt-,LOC,0.0,0.0,de,1,-1,,,,,,
Biergarten-Wetter,Biergarten-Wetter,LOC,0.0,0.0,de,1,-1,,,,,,
Klima-Widerstands,Klima-Widerstands,LOC,0.0,0.0,de,1,-1,,,,,,
Südkorea treff…,Südkorea treff…,LOC,0.0,0.0,de,1,-1,,,,,,
Übersee,Übersee,LOC,-0.5666666666666667,0.0,de,1,-1,,,,,,
Di…,Di…,LOC,0.0,0.0,de,1,-1,,,,,,
Fischmarkt in…,Fischmarkt in…,LOC,0.7,0.0,de,1,-1,,,,,,
Trainingssturz,Trainingssturz,LOC,-1.0,0.0,de,1,-1,,,,,,
Sachsen …,Sachsen …,LOC,0.0,0.0,de,1,-1,,,,,,
Ganges,Ganges,LOC,0.7,0.0,de,1,-1,,,,,,
Liechtenstein,Liechtenstein,LOC,0.0,0.0,de,1,-1,,,,,,
Monaco,Monaco,LOC,0.0,0.0,de,1,-1,,,,,,
Tabellenführer,Tabellenführer,LOC,0.0,0.0,de,1,-1,,,,,,
Guinea,Guinea,LOC,0.0,0.0,de,1,-1,,,,,,
Last-Minute-Drama,Last-Minute-Drama,LOC,-0.7,0.0,de,1,-1,,,,,,
Engpass,Engpass,LOC,0.7,0.0,de,1,-1,,,,,,
klimabedingt,klimabedingt,LOC,0.35,0.5,de,1,-1,,,,,,
klimabedin…,klimabedin…,LOC,0.0,0.0,de,1,-1,,,,,,
sanierungsbedürftiger,sanierungsbedürftiger,LOC,0.0,0.0,de,1,-1,,,,,,
Hochwasserabflusskanals,Hochwasserabflusskanals,LOC,0.7,0.0,de,1,-1,,,,,,
Niederösterreich Dämme,Niederösterreich Dämme,LOC,0.0,0.0,de,1,-1,,,,,,
Arzneimittel-Engpässen,Arzneimittel-Engpässen,LOC,-0.7,0.0,de,1,-1,,,,,,
Erster Herbststurm,Erster Herbststurm,LOC,0.0,0.0,de,1,-1,,,,,,
Turin,Turin,LOC,0.0,0.0,de,1,-1,,,,,,
Heidenheim,Heidenheim,LOC,0.0,0.0,de,1,-1,,,,,,
Sommergefühle im Herbst,Sommergefühle im Herbst,LOC,0.0,0.0,de,1,-1,,,,,,
Frontnahe,Frontnahe,LOC,-0.15000000000000002,0.0,de,1,-1,,,,,,
Rodynske,Rodynske,LOC,0.0,0.0,de,1,-1,,,,,,
verdüstern,verdüstern,LOC,0.0,0.0,de,1,-1,,,,,,
Helgoland,Helgoland,LOC,0.0,0.0,de,1,-1,,,,,,
Halunder Jet,Halunder Jet,LOC,0.0,0.0,de,1,-1,,,,,,
Assam,Assam,LOC,-0.7,0.0,de,1,-1,,,,,,
Vorgehensweise,Vorgehensweise,LOC,0.0,0.0,de,1,-1,,,,,,
Hochgebirge,Hochgebirge,LOC,0.0,0.0,de,1,-1,,,,,,
Graz,Graz,LOC,0.0,0.0,de,1,-1,,,,,,
Husum,Husum,LOC,0.0,0.0,de,1,-1,,,,,,
Wasserpegel,Wasserpegel,LOC,0.0,0.0,de,1,-1,,,,,,
Neuland,Neuland,LOC,0.0,0.0,de,1,-1,,,,,,
Austria 25,Austria 25,LOC,0.0,0.0,de,1,-1,,,,,,
Dresdner,Dresdner,LOC,0.7,0.0,de,1,-1,,,,,,
Heldrungen,Heldrungen,LOC,0.0,0.0,de,1,-1,,,,,,
Extremwetterkongress,Extremwetterkongress,LOC,1.0,0.0,de,1,-1,,,,,,
Hamburgs,Hamburgs,LOC,1.0,0.0,de,1,-1,,,,,,
Heimisches Superfood,Heimisches Superfood,LOC,0.7,0.0,de,1,-1,,,,,,
Blattens,Blattens,LOC,0.0,0.0,de,1,-1,,,,,,
Walliser Dorf,Walliser Dorf,LOC,0.0,0.0,de,1,-1,,,,,,
Fafleralp,Fafleralp,LOC,0.0,0.0,de,1,-1,,,,,,
Bergstraße,Bergstraße,LOC,0.0,0.0,de,1,-1,,,,,,
Turbo-Weinernte,Turbo-Weinernte,LOC,0.0,0.0,de,1,-1,,,,,,
Riesling-Ertrag,Riesling-Ertrag,LOC,0.0,0.0,de,1,-1,,,,,,
Zwölfaxing,Zwölfaxing,LOC,0.0,0.0,de,1,-1,,,,,,
Bruck an der Leitha,Bruck an der Leitha,LOC,0.0,0.0,de,1,-1,,,,,,
Bürgergeldes,Bürgergeldes,LOC,0.0,0.0,de,1,-1,,,,,,
Thüringer Zwiebelmarktsaison,Thüringer Zwiebelmarktsaison,LOC,0.0,0.0,de,1,-1,,,,,,
Heldrunger,Heldrunger,LOC,0.0,0.0,de,1,-1,,,,,,
Mailänder,Mailänder,LOC,0.0,0.0,de,1,-1,,,,,,
Pritscheln,Pritscheln,LOC,0.0,0.0,de,1,-1,,,,,,
Flächenbränden,Flächenbränden,LOC,0.0,0.0,de,1,-1,,,,,,
Dithmarschen,Dithmarschen,LOC,0.0,0.0,de,1,-1,,,,,,
Turbolese,Turbolese,LOC,0.0,0.0,de,1,-1,,,,,,
Rekordmengen,Rekordmengen,LOC,0.0,0.0,de,1,-1,,,,,,
Strand,Strand,LOC,0.5,0.5,de,1,-1,,,,,,
Kerschbaum,Kerschbaum,LOC,0.0,0.0,de,1,-1,,,,,,
Bezirk Oberpullendorf,Bezirk Oberpullendorf,LOC,0.0,0.0,de,1,-1,,,,,,
Hofstetten-Grünau,Hofstetten-Grünau,LOC,0.0,0.0,de,1,-1,,,,,,
Pielachtal,Pielachtal,LOC,0.0,0.0,de,1,-1,,,,,,
Bestseller-Akku-Astschere,Bestseller-Akku-Astschere,LOC,0.7,0.0,de,1,-1,,,,,,
Finnland,Finnland,LOC,-1.0,0.0,de,1,-1,,,,,,
Atommüll-Problem,Atommüll-Problem,LOC,-1.0,0.0,de,1,-1,,,,,,
Palermo,Palermo,LOC,0.0,0.0,de,1,-1,,,,,,
Vereinigten Staaten,Vereinigten Staaten,LOC,0.0,1.0,de,1,-1,,,,,,
Rahlstedt,Rahlstedt,LOC,0.0,0.0,de,1,-1,,,,,,
Hahnstraße ei,Hahnstraße ei,LOC,0.0,0.0,de,1,-1,,,,,,
Landkreis Nordsachsen,Landkreis Nordsachsen,LOC,0.0,1.0,de,1,-1,,,,,,
Arzberg,Arzberg,LOC,0.0,1.0,de,1,-1,,,,,,
Wassernobelpreis,Wassernobelpreis,LOC,0.0,0.0,de,1,-1,,,,,,
Stadionbad,Stadionbad,LOC,0.0,0.0,de,1,-1,,,,,,
Köln zo,Köln zo,LOC,0.0,0.0,de,1,-1,,,,,,
Mitmenschen,Mitmenschen,LOC,0.0,1.0,de,1,-1,,,,,,
Düsseldorf,Düsseldorf,LOC,0.0,0.0,de,1,-1,,,,,,
Herbstanfang,Herbstanfang,LOC,0.7,0.0,de,1,-1,,,,,,
Spätsommerwetter,Spätsommerwetter,LOC,0.0,0.0,de,1,-1,,,,,,
Kampfmaschine,Kampfmaschine,LOC,0.0,0.0,de,1,-1,,,,,,
Hofes,Hofes,LOC,0.0,0.0,de,1,-1,,,,,,
T-Shirt,T-Shirt,LOC,0.35,0.0,de,1,-1,,,,,,
Küstenschutz,Küstenschutz,LOC,0.0,0.0,de,1,-1,,,,,,
Nordseeinsel Föhr,Nordseeinsel Föhr,LOC,0.0,0.0,de,1,-1,,,,,,
Marktredwitz,Marktredwitz,LOC,0.0,0.0,de,1,-1,,,,,,
Sonnenschein,Sonnenschein,LOC,-0.35,0.5,de,1,-1,,,,,,
Saporischja,Saporischja,LOC,0.0,0.0,de,1,-1,,,,,,
Haus ERDEM,Haus ERDEM,LOC,0.0,0.0,de,1,-1,,,,,,
Hummeln,Hummeln,LOC,0.0,0.0,de,1,-1,,,,,,
Linden,Linden,LOC,0.0,0.0,de,1,-1,,,,,,
Penelope,Penelope,LOC,0.0,0.0,de,1,-1,,,,,,
Geologische Dienst Nordrhein-Westfalen,Geologische Dienst Nordrhein-Westfalen,LOC,0.0,0.0,de,1,-1,,,,,,
Herbst-Suchbild,Herbst-Suchbild,LOC,0.0,0.0,de,1,-1,,,,,,
Bergketten,Bergketten,LOC,0.7999999999999999,0.0,de,1,-1,,,,,,
Lav…,Lav…,LOC,0.7999999999999999,0.0,de,1,-1,,,,,,
Bodenpilze,Bodenpilze,LOC,0.7,0.0,de,1,-1,,,,,,
Hansestadt,Hansestadt,LOC,0.0,0.0,de,1,-1,,,,,,
Sommerhitze,Sommerhitze,LOC,0.0,0.0,de,1,-1,,,,,,
Ägyptens,Ägyptens,LOC,0.0,0.0,de,1,-1,,,,,,
Erntedank,Erntedank,LOC,1.0,0.0,de,1,-1,,,,,,
lby,lby,LOC,-0.7,0.0,de,1,-1,,,,,,
Perlwein,Perlwein,LOC,0.7,0.0,de,1,-1,,,,,,
Fußball-Deutschland,Fußball-Deutschland,LOC,0.0,0.0,de,1,-1,,,,,,
A27,A27,LOC,0.0,0.0,de,1,-1,,,,,,
Weinolsheim/Bodenheim,Weinolsheim/Bodenheim,LOC,0.0,0.0,de,1,-1,,,,,,
Belgien,Belgien,LOC,0.0,0.0,de,1,-1,,,,,,
Leopold Museum,Leopold Museum,LOC,0.0,0.8,de,1,-1,,,,,,
Staat,Staat,LOC,0.0,0.0,de,1,-1,,,,,,
Nuuk,Nuuk,LOC,0.0,0.0,de,1,-1,,,,,,
Landesmeistertitel,Landesmeistertitel,LOC,0.0,0.0,de,1,-1,,,,,,
Weltpolitik,Weltpolitik,LOC,-1.0,0.0,de,1,-1,,,,,,
Amerikas,Amerikas,LOC,-1.0,0.0,de,1,-1,,,,,,
Streaming-Herbst,Streaming-Herbst,LOC,0.0,0.0,de,1,-1,,,,,,
Sequels,Sequels,LOC,0.0,1.0,de,1,-1,,,,,,
Prequels,Prequels,LOC,0.0,1.0,de,1,-1,,,,,,
b…,b…,LOC,0.0,0.0,de,1,-1,,,,,,
Bundesamt,Bundesamt,LOC,0.0,0.0,de,1,-1,,,,,,
Dienstag,Dienstag,LOC,0.0,1.0,de,1,-1,,,,,,
Stromausfälle,Stromausfälle,LOC,0.0,0.0,de,1,-1,,,,,,
Klientel,Klientel,LOC,0.0,0.0,de,1,-1,,,,,,
Syriens,Syriens,LOC,0.0,0.0,de,1,-1,,,,,,
Landtagswahlen,Landtagswahlen,LOC,0.0,0.0,de,1,-1,,,,,,
Hektolitern,Hektolitern,LOC,0.0,0.0,de,1,-1,,,,,,
Italien/Frankreich,Italien/Frankreich,LOC,0.0,1.0,de,1,-1,,,,,,
Kurz-Trip,Kurz-Trip,LOC,0.0,1.0,de,1,-1,,,,,,
Ruhrgebiet,Ruhrgebiet,LOC,0.0,0.0,de,1,-1,,,,,,
europäischen Ländern,europäischen Ländern,LOC,0.0,0.0,de,1,-1,,,,,,
Kaindorf an der Sulm,Kaindorf an der Sulm,LOC,0.0,0.0,de,1,-1,,,,,,
Bezirk Leibnitz,Bezirk Leibnitz,LOC,0.0,0.0,de,1,-1,,,,,,
Landesgericht für Zivilrechtssachen Graz,Landesgericht für Zivilrechtssachen Graz,LOC,0.0,0.0,de,1,-1,,,,,,
Motorradunfällen,Motorradunfällen,LOC,0.0,1.0,de,1,-1,,,,,,
ÖVP-Chef,ÖVP-Chef,LOC,0.0,0.0,de,1,-1,,,,,,
Lemondaze,Lemondaze,LOC,0.0,0.0,de,1,-1,,,,,,
Cambridge,Cambridge,LOC,0.0,0.0,de,1,-1,,,,,,
London,London,LOC,0.0,0.0,de,1,-1,,,,,,
Reformen,Reformen,LOC,0.0,0.0,de,1,-1,,,,,,
Adelaide,Adelaide,LOC,0.0,0.0,de,1,-1,,,,,,
Grange Beach,Grange Beach,LOC,0.0,0.0,de,1,-1,,,,,,
Südaustraliens,Südaustraliens,LOC,1.0,0.0,de,1,-1,,,,,,
Solarpaneele,Solarpaneele,LOC,1.0,0.0,de,1,-1,,,,,,
demna…,demna…,LOC,0.0,0.0,de,1,-1,,,,,,
Kaarst,Kaarst,LOC,0.0,0.0,de,1,-1,,,,,,
Büttgen,Büttgen,LOC,0.0,0.0,de,1,-1,,,,,,
Wetterausblick,Wetterausblick,LOC,0.0,0.0,de,1,-1,,,,,,
Hennef,Hennef,LOC,0.0,0.0,de,1,-1,,,,,,
Eitorf,Eitorf,LOC,0.0,0.0,de,1,-1,,,,,,
Königswinter,Königswinter,LOC,0.0,0.0,de,1,-1,,,,,,
Stadt Frankfurt,Stadt Frankfurt,LOC,0.0,0.0,de,1,-1,,,,,,
Alpennordhang,Alpennordhang,LOC,-1.0,0.0,de,1,-1,,,,,,
Wer,Wer,LOC,0.0,0.0,de,1,-1,,,,,,
Dohna,Dohna,LOC,1.0,0.0,de,1,-1,,,,,,
Breaburn,Breaburn,LOC,0.0,0.0,de,1,-1,,,,,,
Weinstöcke,Weinstöcke,LOC,0.7,0.0,de,1,-1,,,,,,
Sommer-Diät,Sommer-Diät,LOC,0.0,0.0,de,1,-1,,,,,,
Trump-Zoll-Schock,Trump-Zoll-Schock,LOC,0.0,0.0,de,1,-1,,,,,,
Würzburger,Würzburger,LOC,0.5,0.5,de,1,-1,,,,,,
Heiligenfiguren,Heiligenfiguren,LOC,0.5,0.5,de,1,-1,,,,,,
Leipziger Nebel,Leipziger Nebel,LOC,-1.0,0.0,de,1,-1,,,,,,
Landebahn,Landebahn,LOC,0.0,0.0,de,1,-1,,,,,,
US-Forscher,US-Forscher,LOC,0.0,0.0,de,1,-1,,,,,,
Gewitterblitz,Gewitterblitz,LOC,0.0,0.0,de,1,-1,,,,,,
Satellitendaten,Satellitendaten,LOC,0.0,0.0,de,1,-1,,,,,,
Beas,Beas,LOC,0.0,0.0,de,1,-1,,,,,,
Botanischen Garten,Botanischen Garten,LOC,0.0,0.0,de,1,-1,,,,,,
Dahlem,Dahlem,LOC,0.0,0.0,de,1,-1,,,,,,
Großer Schuppenkopf,Großer Schuppenkopf,LOC,0.35,0.5,de,1,-1,,,,,,
Herbstanemonen,Herbstanemonen,LOC,0.35,0.5,de,1,-1,,,,,,
Rainfarn,Rainfarn,LOC,0.35,0.5,de,1,-1,,,,,,
Kassen,Kassen,LOC,0.0,0.0,de,1,-1,,,,,,
Bauern,Bauern,LOC,0.0,0.0,de,1,-1,,,,,,
Lieblingsplatz od,Lieblingsplatz od,LOC,0.0,0.0,de,1,-1,,,,,,
Haiming,Haiming,LOC,0.0,0.0,de,1,-1,,,,,,
Freyburger,Freyburger,LOC,0.0,0.0,de,1,-1,,,,,,
Zscheiplitz,Zscheiplitz,LOC,0.0,0.0,de,1,-1,,,,,,
Burgenlandkreis,Burgenlandkreis,LOC,0.0,0.0,de,1,-1,,,,,,
Bedburg,Bedburg,LOC,0.7,0.0,de,1,-1,,,,,,
Kellers,Kellers,LOC,0.0,0.0,de,1,-1,,,,,,
Jubiläum,Jubiläum,LOC,0.0,0.0,de,1,-1,,,,,,
Brandenburger Tor,Brandenburger Tor,LOC,0.0,0.0,de,1,-1,,,,,,
Fränkische Weinlese,Fränkische Weinlese,LOC,1.0,0.0,de,1,-1,,,,,,
Fränkische Weinbauverband,Fränkische Weinbauverband,LOC,1.0,0.0,de,1,-1,,,,,,
Bahnen,Bahnen,LOC,0.0,0.0,de,1,-1,,,,,,
Gletscherspalte,Gletscherspalte,LOC,0.0,0.0,de,1,-1,,,,,,
österreichischen Bergen,österreichischen Bergen,LOC,1.0,0.0,de,1,-1,,,,,,
Ramsau auf…,Ramsau auf…,LOC,0.0,0.0,de,1,-1,,,,,,
Oberland,Oberland,LOC,0.0,0.0,de,1,-1,,,,,,
Bezirk Imst,Bezirk Imst,LOC,0.0,0.0,de,1,-1,,,,,,
Nordamerika,Nordamerika,LOC,1.0,0.0,de,1,-1,,,,,,
Land ausgetrocknet,Land ausgetrocknet,LOC,0.0,0.0,de,1,-1,,,,,,
Nahrungssuche im Herbst,Nahrungssuche im Herbst,LOC,0.7,0.0,de,1,-1,,,,,,
Filmfortsetzungen,Filmfortsetzungen,LOC,0.0,0.0,de,1,-1,,,,,,
Live-Sport,Live-Sport,LOC,0.0,0.0,de,1,-1,,,,,,
Denpasar,Denpasar,LOC,0.0,0.0,de,1,-1,,,,,,
Trauminseln Bali,Trauminseln Bali,LOC,0.0,0.0,de,1,-1,,,,,,
Landtag,Landtag,LOC,0.0,0.0,de,1,-1,,,,,,
Unwetter-Alarm,Unwetter-Alarm,LOC,1.0,0.0,de,1,-1,,,,,,
Spätsommer-Brisen,Spätsommer-Brisen,LOC,1.0,0.0,de,1,-1,,,,,,
Toskana,Toskana,LOC,0.0,0.0,de,1,-1,,,,,,
Sp…,Sp…,LOC,0.0,0.0,de,1,-1,,,,,,
haarscharf,haarscharf,LOC,-1.0,0.0,de,1,-1,,,,,,
Balkan,Balkan,LOC,1.0,0.0,de,1,-1,,,,,,
Ohrid-See,Ohrid-See,LOC,1.0,0.0,de,1,-1,,,,,,
Saale,Saale,LOC,0.0,0.0,de,1,-1,,,,,,
Kelterer,Kelterer,LOC,0.0,0.0,de,1,-1,,,,,,
Umständen,Umständen,LOC,0.7,0.0,de,1,-1,,,,,,
Benzin-Laubbläser Fuxtec FX-LBS126P,Benzin-Laubbläser Fuxtec FX-LBS126P,LOC,0.7,0.0,de,1,-1,,,,,,
Tag,Tag,LOC,0.7,0.0,de,1,-1,,,,,,
Augentest,Augentest,LOC,0.0,0.0,de,1,-1,,,,,,
Sorge,Sorge,LOC,0.0,0.0,de,1,-1,,,,,,
New Yorker,New Yorker,LOC,0.0,0.0,de,1,-1,,,,,,
Gardenien,Gardenien,LOC,0.0,0.0,de,1,-1,,,,,,
Bürgergeld verenge,Bürgergeld verenge,LOC,1.0,0.0,de,1,-1,,,,,,
Adliswil,Adliswil,LOC,0.0,0.0,de,1,-1,,,,,,
Medienkrise,Medienkrise,LOC,0.0,0.0,de,1,-1,,,,,,
Mais,Mais,LOC,-1.0,0.0,de,1,-1,,,,,,
Soja,Soja,LOC,-1.0,0.0,de,1,-1,,,,,,
Familienleben,Familienleben,LOC,0.0,0.0,de,1,-1,,,,,,
Grünes Gemüsecurry,Grünes Gemüsecurry,LOC,0.0,0.0,de,1,-1,,,,,,
Zuckermais,Zuckermais,LOC,0.0,0.0,de,1,-1,,,,,,
Erreger,Erreger,LOC,0.0,0.0,de,1,-1,,,,,,
Sitzenbleibern,Sitzenbleibern,LOC,-1.0,0.0,de,1,-1,,,,,,
Corona-Viren,Corona-Viren,LOC,-1.0,0.0,de,1,-1,,,,,,
Wassergesetz,Wassergesetz,LOC,0.0,1.0,de,1,-1,,,,,,
Social-Media-Plattform,Social-Media-Plattform,LOC,0.0,0.0,de,1,-1,,,,,,
Promi-Popkultur,Promi-Popkultur,LOC,0.0,0.0,de,1,-1,,,,,,
Herr Spahn,Herr Spahn,LOC,-0.7,0.0,de,1,-1,,,,,,
Sozialstaat,Sozialstaat,LOC,-0.7,0.0,de,1,-1,,,,,,
Gemeinde,Gemeinde,LOC,0.0,0.0,de,1,-1,,,,,,
Blaufichte,Blaufichte,LOC,0.5,0.5,de,1,-1,,,,,,
Rundholz,Rundholz,LOC,0.0,0.0,de,1,-1,,,,,,
Saudi-Arabien,Saudi-Arabien,LOC,0.0,0.0,de,1,-1,,,,,,
Kematen an der Krems,Kematen an der Krems,LOC,0.0,0.0,de,1,-1,,,,,,
Bezirk Linz-…,Bezirk Linz-…,LOC,0.0,0.0,de,1,-1,,,,,,
Müllheim,Müllheim,LOC,0.7,0.0,de,1,-1,,,,,,
Württemberg,Württemberg,LOC,-0.2333333333333333,0.0,de,1,-1,,,,,,
Landes Schnee,Landes Schnee,LOC,0.0,0.0,de,1,-1,,,,,,
